Package,post,N,A,Ce,Ca,I,D,IIPUD,IIPED,IPIC,PGF,PSC,pkgLOC,pkgKLOC
com.sun.jdi,0,64,2.555555556,7,21,0.25,1.805555556,1,1,0.976708075,0,0.066666667,582,0.582
com.sun.jdi.connect,0,8,1.666666667,4,5,0.444444444,1.111111111,1,1,0.99689441,0,0.5,107,0.107
com.sun.jdi.connect.spi,0,3,2,2,2,0.5,1.5,1,1,0.99689441,0,0.5,38,0.038
com.sun.jdi.event,0,20,0,4,6,0.4,0.6,1,1,1,0,1,116,0.116
com.sun.jdi.request,0,18,8,3,9,0.25,7.25,1,1,0.998447205,0,1,177,0.177
org.apache.lucene.demo.html,1,10,0.111111111,3,1,0.75,0.138888889,0,1,0.998447205,0,1,3345,3.345
org.eclipse.ant.core,4,11,0.222222222,11,13,0.458333333,0.319444444,0.226666667,0.75,0.979813665,0,0.076923077,1635,1.635
org.eclipse.ant.internal.core,0,6,0.5,7,6,0.538461538,0.038461538,0.428571429,1,0.99068323,0,0.166666667,219,0.219
org.eclipse.ant.internal.core.ant,3,8,0,12,0,0,1,0.2875,1,1,0,1,1671,1.671
org.eclipse.ant.internal.ui.antsupport,2,7,0,6,2,0.75,0.25,1,1,0.99689441,0,0.5,1120,1.12
org.eclipse.ant.internal.ui.antsupport.inputhandler,0,1,0,4,0,0,1,0.75,1,1,0,1,43,0.043
org.eclipse.ant.internal.ui.antsupport.logger,3,4,0,15,0,0,1,0.147368421,1,1,0,1,548,0.548
org.eclipse.ant.internal.ui.console,2,4,0,14,0,0,1,0.115384615,1,1,0,1,318,0.318
org.eclipse.ant.internal.ui.datatransfer,10,4,0,25,0,0,1,0.067592593,1,1,0,1,542,0.542
org.eclipse.ant.internal.ui.dtd,0,9,2,7,2,0.777777778,1.777777778,1,1,0.99689441,0,0.5,180,0.18
org.eclipse.ant.internal.ui.dtd.schema,0,11,0,7,1,0.875,0.125,0.538461538,1,0.998447205,0,1,1089,1.089
org.eclipse.ant.internal.ui.dtd.util,0,10,0.666666667,4,1,0.8,0.466666667,0,1,0.998447205,0,1,538,0.538
org.eclipse.ant.internal.ui.editor,18,10,0.111111111,43,4,0.914893617,0.026004728,0.038373162,0.4,0.99378882,0.25,0.25,2663,2.663
org.eclipse.ant.internal.ui.editor.derived,1,6,0.5,10,1,0.909090909,0.409090909,0.25,1,0.998447205,0,1,611,0.611
org.eclipse.ant.internal.ui.editor.formatter,3,6,0,15,3,0.833333333,0.166666667,0.111111111,1,0.995341615,0,0.333333333,995,0.995
org.eclipse.ant.internal.ui.editor.model,3,9,0.125,16,7,0.695652174,0.179347826,0.140909091,1,0.989130435,0,0.142857143,728,0.728
org.eclipse.ant.internal.ui.editor.outline,13,18,0.2,32,8,0.8,0,0.049773756,0.4375,0.98757764,0,0.125,2055,2.055
org.eclipse.ant.internal.ui.editor.templates,2,11,0,23,3,0.884615385,0.115384615,0.070175439,0.357142857,0.995341615,0,0.333333333,336,0.336
org.eclipse.ant.internal.ui.editor.text,10,25,0.19047619,29,6,0.828571429,0.019047619,0.053150685,0.228571429,0.992236025,0,0.2,1399,1.399
org.eclipse.ant.internal.ui.editor.tools,1,1,0,9,0,0,1,1,1,1,0,1,184,0.184
org.eclipse.ant.internal.ui.editor.utils,5,2,0,8,1,0.888888889,0.111111111,1,1,0.998447205,0,1,422,0.422
org.eclipse.ant.internal.ui.launchConfigurations,8,34,0.03030303,49,7,0.875,0.09469697,0.027874117,0.179487179,0.989130435,0,0.142857143,3764,3.764
org.eclipse.ant.internal.ui.model,3,10,0.428571429,29,16,0.644444444,0.073015873,0.061191626,0.75,0.97515528,0,0.0625,848,0.848
org.eclipse.ant.internal.ui.preferences,5,38,0.1875,43,8,0.843137255,0.030637255,0.032764029,0.270833333,0.98757764,0,0.09375,5484,5.484
org.eclipse.ant.internal.ui.views,2,6,0,21,2,0.913043478,0.086956522,0.06377709,0.75,0.99689441,0,0.5,763,0.763
org.eclipse.ant.internal.ui.views.actions,2,11,0,36,2,0.947368421,0.052631579,0.044991511,0.5,0.99689441,0,0.5,997,0.997
org.eclipse.ant.internal.ui.views.elements,1,5,0.25,6,2,0.75,0,0.375,1,0.99689441,0,0.5,282,0.282
org.eclipse.compare,2,23,1.555555556,26,14,0.65,1.205555556,0.067434211,0.5,0.976708075,0.066666667,0.066666667,2254,2.254
org.eclipse.compare.contentmergeviewer,2,5,4,30,6,0.833333333,3.833333333,0.054225696,1,0.995341615,0.333333333,0.333333333,3840,3.84
org.eclipse.compare.internal,0,56,0.217391304,36,9,0.8,0.017391304,0.040162272,0.169230769,0.986024845,0.066666667,0.111111111,5114,5.114
org.eclipse.compare.internal.merge,0,3,0,6,0,0,1,0.416666667,1,1,0,1,109,0.109
org.eclipse.compare.internal.patch,0,10,0,28,0,0,1,0.058181818,0.666666667,1,0,1,2211,2.211
org.eclipse.compare.rangedifferencer,0,5,0.25,4,4,0.5,0.25,0.75,1,0.99378882,0,0.25,415,0.415
org.eclipse.compare.structuremergeviewer,0,13,1.6,16,12,0.571428571,1.171428571,0.102040816,1,0.982919255,0,0.090909091,1367,1.367
org.eclipse.core.boot,0,3,2,8,12,0.4,1.4,0.314285714,1,0.98447205,0,0.1,180,0.18
org.eclipse.core.expressions,1,10,1.5,5,11,0.3125,0.8125,0.5625,1,0.979813665,0.025641026,0.076923077,275,0.275
org.eclipse.core.filebuffers,0,11,10,7,16,0.304347826,9.304347826,0.407407407,1,0.97826087,0,0.071428571,142,0.142
org.eclipse.core.internal.boot,0,7,0.166666667,9,6,0.6,0.233333333,0.416666667,1,0.99068323,0.166666667,0.166666667,680,0.68
org.eclipse.core.internal.compatibility,1,1,0,7,0,0,1,0.226190476,1,1,0,1,58,0.058
org.eclipse.core.internal.content,2,11,0,13,3,0.8125,0.1875,0.195402299,1,0.995341615,0,0.333333333,1479,1.479
org.eclipse.core.internal.dependencies,0,16,0.230769231,3,1,0.75,0.019230769,0,1,0.998447205,0,1,1084,1.084
org.eclipse.core.internal.dtree,0,17,0.307692308,4,2,0.666666667,0.025641026,0.625,1,0.99689441,0,0.5,1892,1.892
org.eclipse.core.internal.events,4,18,0.125,13,3,0.8125,0.0625,0.112328767,0.555555556,0.995341615,0.333333333,0.333333333,2411,2.411
org.eclipse.core.internal.expressions,1,27,0.038461538,7,1,0.875,0.086538462,0.361111111,0.625,0.998447205,0,1,1258,1.258
org.eclipse.core.internal.filebuffers,0,11,0.375,10,2,0.833333333,0.208333333,0.184782609,1,0.99689441,0,0.5,1627,1.627
org.eclipse.core.internal.indexing,0,39,0.3,4,2,0.666666667,0.033333333,1,1,0.99689441,0,0.25,3622,3.622
org.eclipse.core.internal.jobs,3,17,0.0625,7,4,0.636363636,0.301136364,0.362318841,0.75,0.99378882,0,0.25,2754,2.754
org.eclipse.core.internal.localstore,1,22,0.222222222,9,1,0.9,0.122222222,0.181547619,1,0.998447205,0,1,2938,2.938
org.eclipse.core.internal.model,0,5,0.25,11,2,0.846153846,0.096153846,0.28,1,0.99689441,0,0.5,1928,1.928
org.eclipse.core.internal.plugins,1,10,0,14,4,0.777777778,0.222222222,0.144444444,1,0.99378882,0,0.25,739,0.739
org.eclipse.core.internal.preferences,12,11,0.1,10,6,0.625,0.275,0.184782609,1,0.99068323,0,0.166666667,2385,2.385
org.eclipse.core.internal.properties,0,9,0.125,9,2,0.818181818,0.056818182,0.195402299,1,0.99689441,0,0.5,863,0.863
org.eclipse.core.internal.refresh,1,5,0,10,3,0.769230769,0.230769231,0.189189189,0.75,0.995341615,0,0.333333333,540,0.54
org.eclipse.core.internal.registry,6,18,0.125,14,1,0.933333333,0.058333333,0.226666667,1,0.998447205,0,1,2494,2.494
org.eclipse.core.internal.resources,9,77,0.132352941,26,7,0.787878788,0.079768271,0.070444915,0.375,0.989130435,0.028571429,0.142857143,13075,13.075
org.eclipse.core.internal.resources.refresh.win32,0,4,0,10,0,0,1,0.212962963,0.75,1,0,1,514,0.514
org.eclipse.core.internal.runtime,5,26,0,30,17,0.638297872,0.361702128,0.057340895,0.75,0.973602484,0,0.058823529,2924,2.924
org.eclipse.core.internal.utils,2,13,0,9,9,0.5,0.5,0.55,1,0.986024845,0,0.111111111,1355,1.355
org.eclipse.core.internal.variables,1,7,0.166666667,12,1,0.923076923,0.08974359,0.523809524,1,0.998447205,0,1,748,0.748
org.eclipse.core.internal.watson,0,17,0.7,6,3,0.666666667,0.366666667,0.375,1,0.99689441,0,0.5,1082,1.082
org.eclipse.core.launcher,0,2,0,7,0,0,1,1,1,1,0,1,1265,1.265
org.eclipse.core.resources,5,40,12.33333333,12,188,0.06,11.39333333,0.253333333,1,0.76242236,0.006535948,0.006535948,746,0.746
org.eclipse.core.resources.ant,1,4,0,8,0,0,1,0.380952381,1,1,0,1,223,0.223
org.eclipse.core.resources.refresh,0,3,0,2,2,0.5,0.5,1,1,0.99689441,0.5,0.5,20,0.02
org.eclipse.core.resources.team,1,4,3,6,5,0.545454545,2.545454545,0.416666667,1,0.995341615,0.333333333,0.333333333,118,0.118
org.eclipse.core.runtime,6,42,2.818181818,14,347,0.038781163,1.856962982,0.176470588,1,0.346273292,0.002375297,0.002375297,2185,2.185
org.eclipse.core.runtime.adaptor,15,24,0.142857143,36,2,0.947368421,0.090225564,0.056231884,1,0.99689441,0,0.5,3957,3.957
org.eclipse.core.runtime.adaptor.testsupport,0,3,0,5,0,0,1,0.5,0.75,1,0,1,31,0.031
org.eclipse.core.runtime.content,0,7,2.5,8,15,0.347826087,1.847826087,0.4,1,1,0,1,196,0.196
org.eclipse.core.runtime.jobs,2,11,2.666666667,5,66,0.070422535,1.737089202,0.666666667,1,0.913043478,0.017857143,0.017857143,289,0.289
org.eclipse.core.runtime.model,0,13,0.181818182,8,3,0.727272727,0.090909091,0.34375,1,0.995341615,0,0.166666667,675,0.675
org.eclipse.core.runtime.preferences,1,10,2.333333333,8,13,0.380952381,1.714285714,0.5,1,0.989130435,0.142857143,0.142857143,148,0.148
org.eclipse.core.variables,0,8,7,3,12,0.2,6.2,0.625,1,0.979813665,0,0.076923077,86,0.086
org.eclipse.debug.core,7,27,5.75,16,51,0.23880597,4.98880597,0.151515152,1,0.916149068,0,0.018518519,1200,1.2
org.eclipse.debug.core.model,4,40,39,7,38,0.155555556,38.15555556,0.407407407,1,0.992236025,0.133333333,0.133333333,810,0.81
org.eclipse.debug.core.sourcelookup,1,10,0,8,10,0.444444444,0.555555556,1,1,0.992236025,0.2,0.2,540,0.54
org.eclipse.debug.core.sourcelookup.containers,2,12,0.333333333,10,7,0.588235294,0.078431373,0.238095238,1,0.986024845,0.074074074,0.111111111,662,0.662
org.eclipse.debug.internal.core,9,20,0,20,6,0.769230769,0.230769231,0.120181406,1,0.989130435,0,0.142857143,3923,3.923
org.eclipse.debug.internal.core.memory,4,16,3,8,2,0.8,2.8,0.289473684,1,0.99689441,0.5,0.5,1007,1.007
org.eclipse.debug.internal.core.sourcelookup,0,5,0,7,2,0.777777778,0.222222222,0.388888889,1,0.995341615,0,0.333333333,201,0.201
org.eclipse.debug.internal.core.sourcelookup.containers,0,8,0.142857143,7,1,0.875,0.017857143,0.307692308,1,0.998447205,0,1,371,0.371
org.eclipse.debug.internal.ui,10,27,0.125,47,18,0.723076923,0.151923077,0.035460993,0.4375,0.965838509,0,0.045454545,2860,2.86
org.eclipse.debug.internal.ui.actions,12,86,0.194444444,39,4,0.906976744,0.101421189,0.035673624,0.555555556,0.99378882,0,0.125,3749,3.749
org.eclipse.debug.internal.ui.launchConfigurations,6,32,0.032258065,41,3,0.931818182,0.035923754,0.039821029,0.288888889,0.99378882,0,0.25,5103,5.103
org.eclipse.debug.internal.ui.preferences,2,9,0.125,22,11,0.666666667,0.208333333,0.07183908,0.625,0.99689441,0,0.5,1003,1.003
org.eclipse.debug.internal.ui.sourcelookup,5,26,0.04,39,2,0.951219512,0.008780488,0.042206897,0.25,0.99689441,0,0.5,1744,1.744
org.eclipse.debug.internal.ui.sourcelookup.browsers,0,11,0,23,0,0,1,0.0625,0.5,1,0,1,410,0.41
org.eclipse.debug.internal.ui.stringsubstitution,3,16,0.142857143,22,5,0.814814815,0.042328042,0.066985646,0.75,0.99068323,0,0.166666667,605,0.605
org.eclipse.debug.internal.ui.views,2,8,1,12,7,0.631578947,0.631578947,0.193277311,1,0.989130435,0.142857143,0.095238095,524,0.524
org.eclipse.debug.internal.ui.views.breakpoints,8,4,0,18,1,0.947368421,0.052631579,0.082758621,0.75,0.998447205,0,1,482,0.482
org.eclipse.debug.internal.ui.views.console,15,19,0.055555556,35,3,0.921052632,0.023391813,0.037751678,0.375,0.995341615,0,0.333333333,2139,2.139
org.eclipse.debug.internal.ui.views.expression,6,6,0.2,26,0,0,0.8,0.06885759,1,1,0,1,777,0.777
org.eclipse.debug.internal.ui.views.launch,6,10,0.111111111,32,3,0.914285714,0.025396825,0.04091954,0.4,0.995341615,0,0.333333333,2169,2.169
org.eclipse.debug.internal.ui.views.memory,9,46,0.4375,30,1,0.967741935,0.405241935,0.045637199,0.555555556,0.998447205,0,1,5573,5.573
org.eclipse.debug.internal.ui.views.registers,0,4,0,13,0,0,1,0.140909091,0.666666667,1,0,1,166,0.166
org.eclipse.debug.internal.ui.views.variables,1,15,0.153846154,28,4,0.875,0.028846154,0.046032707,0.444444444,0.99378882,0,0.25,1925,1.925
org.eclipse.debug.ui,8,18,3.5,35,29,0.546875,3.046875,0.048727273,1,0.953416149,0.033333333,0.033333333,2512,2.512
org.eclipse.debug.ui.actions,3,14,0.555555556,18,1,0.947368421,0.502923977,0.090379009,1,0.998447205,0,1,846,0.846
org.eclipse.debug.ui.console,3,7,2.5,13,6,0.684210526,2.184210526,0.123188406,1,0.995341615,0,0.333333333,165,0.165
org.eclipse.debug.ui.sourcelookup,0,5,0.25,16,3,0.842105263,0.092105263,0.111111111,0.555555556,0.99378882,0,0.25,222,0.222
org.eclipse.help,0,8,7,9,16,0.36,6.36,0.36,1,0.989130435,0,0.142857143,75,0.075
org.eclipse.help.browser,0,2,0,1,7,0.125,0.875,1,1,1,0,1,15,0.015
org.eclipse.help.internal,0,4,0.333333333,8,13,0.380952381,0.285714286,0.257142857,1,0.97826087,0,0.071428571,229,0.229
org.eclipse.help.internal.appserver,1,6,0.2,8,3,0.727272727,0.072727273,0.37254902,1,0.995341615,0,0.333333333,450,0.45
org.eclipse.help.internal.base,1,9,0.125,23,11,0.676470588,0.198529412,0.104072398,0.75,0.97826087,0,0.071428571,783,0.783
org.eclipse.help.internal.base.util,0,3,0.5,6,6,0.5,0,0.5,1,0.99378882,0,0.25,322,0.322
org.eclipse.help.internal.browser,0,9,0,8,4,0.666666667,0.333333333,0.296875,1,0.99378882,0,0.25,817,0.817
org.eclipse.help.internal.browser.macosx,0,2,0,6,0,0,1,0.375,1,1,0,1,53,0.053
org.eclipse.help.internal.context,1,11,0.222222222,11,5,0.6875,0.090277778,0.3,1,0.99378882,0,0.25,531,0.531
org.eclipse.help.internal.model,0,5,0,3,3,0.5,0.5,1,1,1,0,1,19,0.019
org.eclipse.help.internal.protocols,1,2,0,8,3,0.727272727,0.272727273,0.333333333,1,0.995341615,0,0.333333333,245,0.245
org.eclipse.help.internal.search,3,26,0.083333333,19,3,0.863636364,0.053030303,0.119318182,0.625,0.995341615,0,0.333333333,2377,2.377
org.eclipse.help.internal.standalone,1,7,0.166666667,7,1,0.875,0.041666667,1,1,0.998447205,0,1,756,0.756
org.eclipse.help.internal.toc,1,12,0.2,15,8,0.652173913,0.147826087,0.202898551,1,0.98757764,0,0.125,938,0.938
org.eclipse.help.internal.util,0,3,0,8,7,0.533333333,0.466666667,0.3125,1,0.98757764,0,0.125,256,0.256
org.eclipse.help.internal.webapp,0,2,0,6,2,0.75,0.25,0.444444444,1,0.99689441,0,0.5,105,0.105
org.eclipse.help.internal.webapp.data,3,16,0,17,1,0.944444444,0.055555556,0.116883117,1,0.998447205,0,1,1818,1.818
org.eclipse.help.internal.webapp.servlet,3,15,0.071428571,17,1,0.944444444,0.015873016,0.100591716,0,0.998447205,0,1,1346,1.346
org.eclipse.help.internal.workingset,0,9,0.285714286,16,5,0.761904762,0.047619048,0.215686275,1,0.99068323,0,0.166666667,686,0.686
org.eclipse.help.standalone,0,2,0,4,0,0,1,1,1,1,0,1,62,0.062
org.eclipse.help.ui.browser,0,1,0,8,0,0,1,0.228571429,1,1,0,1,35,0.035
org.eclipse.help.ui.internal,2,13,0.181818182,29,4,0.878787879,0.060606061,0.056763285,0.4375,0.99378882,0,0.25,1404,1.404
org.eclipse.help.ui.internal.browser,1,3,0,17,0,0,1,0.097777778,1,1,0,1,261,0.261
org.eclipse.help.ui.internal.browser.embedded,0,3,0,15,0,0,1,0.114942529,1,1,0,1,404,0.404
org.eclipse.help.ui.internal.ide,0,3,0.5,11,2,0.846153846,0.346153846,0.196428571,1,0.99689441,0,0.5,179,0.179
org.eclipse.help.ui.internal.search,0,11,0,25,0,0,1,0.065322581,0.375,1,0,1,715,0.715
org.eclipse.help.ui.internal.util,0,2,0,11,4,0.733333333,0.266666667,0.155555556,1,0.99378882,0,0.25,135,0.135
org.eclipse.help.ui.internal.workingset,0,5,0,16,1,0.941176471,0.058823529,0.103296703,0.75,0.998447205,0,1,507,0.507
org.eclipse.jdi,0,3,0.5,5,6,0.454545455,0.045454545,0.375,1,0.99068323,0,0.166666667,39,0.039
org.eclipse.jdi.hcr,0,6,5,3,4,0.428571429,4.428571429,1,1,0.998447205,0,1,45,0.045
org.eclipse.jdi.internal,2,48,0.170731707,20,6,0.769230769,0.060037523,0.086247086,1,0.99068323,0,0.111111111,7655,7.655
org.eclipse.jdi.internal.connect,0,11,0.375,10,2,0.833333333,0.208333333,0.238095238,1,0.99689441,0,0.166666667,868,0.868
org.eclipse.jdi.internal.event,0,21,0.166666667,12,2,0.857142857,0.023809524,0.145833333,1,0.99689441,0,0.5,746,0.746
org.eclipse.jdi.internal.jdwp,0,19,0.117647059,5,4,0.555555556,0.326797386,1,1,0.99378882,0,0.125,731,0.731
org.eclipse.jdi.internal.request,0,18,0.125,11,2,0.846153846,0.028846154,0.183673469,1,0.99689441,0,0.5,1028,1.028
org.eclipse.jdi.internal.spy,0,8,0.142857143,6,0,0,0.857142857,1,1,1,0,1,3175,3.175
org.eclipse.jdt.core,12,59,3.214285714,28,116,0.194444444,2.408730159,0.062025316,0.5,0.809006211,0.006097561,0.006097561,4625,4.625
org.eclipse.jdt.core.compiler,12,5,1.5,2,58,0.033333333,0.533333333,1,1,0.919254658,0,0.019230769,1478,1.478
org.eclipse.jdt.core.dom,44,125,0.179245283,21,39,0.35,0.470754717,0.058045113,0.666666667,0.930124224,0.001851852,0.014814815,22234,22.234
org.eclipse.jdt.core.dom.rewrite,1,3,0.5,5,9,0.357142857,0.142857143,0.388888889,1,0.986024845,0,0.111111111,333,0.333
org.eclipse.jdt.core.eval,0,3,0,5,4,0.555555556,0.444444444,1,1,1,0,1,87,0.087
org.eclipse.jdt.core.formatter,2,2,1,6,17,0.260869565,0.260869565,0.555555556,1,0.973602484,0,0.058823529,375,0.375
org.eclipse.jdt.core.jdom,0,12,5,4,1,0.8,4.8,1,1,0.998447205,0,1,224,0.224
org.eclipse.jdt.core.search,3,21,0.75,19,42,0.31147541,0.06147541,0.086524823,1,0.933229814,0.011627907,0.015503876,1909,1.909
org.eclipse.jdt.core.util,1,41,9.25,5,6,0.454545455,8.704545455,0.466666667,1,0.99689441,0,0.5,1508,1.508
org.eclipse.jdt.debug.core,3,30,29,8,21,0.275862069,28.27586207,0.236363636,1,0.97826087,0,0.071428571,495,0.495
org.eclipse.jdt.debug.eval,0,7,6,6,8,0.428571429,5.428571429,0.555555556,1,0.995341615,0,0.333333333,76,0.076
org.eclipse.jdt.debug.ui,0,3,0.5,16,7,0.695652174,0.195652174,0.103296703,1,0.995341615,0,0.333333333,300,0.3
org.eclipse.jdt.debug.ui.launchConfigurations,1,9,0,32,5,0.864864865,0.135135135,0.042085257,1,0.992236025,0,0.2,2431,2.431
org.eclipse.jdt.internal.antadapter,0,1,0,4,1,0.8,0.2,1,1,0.998447205,0,1,34,0.034
org.eclipse.jdt.internal.codeassist,10,7,2.5,18,4,0.818181818,2.318181818,0.073529412,1,0.99689441,0,0.5,3696,3.696
org.eclipse.jdt.internal.codeassist.complete,7,32,0.032258065,10,1,0.909090909,0.058651026,0.122962963,0.294117647,0.998447205,0,1,3542,3.542
org.eclipse.jdt.internal.codeassist.impl,6,4,3,11,5,0.6875,2.6875,1,1,0.992236025,0.2,0.2,1293,1.293
org.eclipse.jdt.internal.codeassist.select,3,18,0,10,1,0.909090909,0.090909091,0.145833333,0.375,0.998447205,0,1,1096,1.096
org.eclipse.jdt.internal.compiler,11,15,0.875,13,26,0.333333333,0.208333333,0.120181406,0.75,0.959627329,0.038461538,0.038461538,5678,5.678
org.eclipse.jdt.internal.compiler.ast,42,98,0.180722892,12,20,0.375,0.444277108,0.12568306,1,0.968944099,0,0.016666667,15376,15.376
org.eclipse.jdt.internal.compiler.batch,3,6,0,11,3,0.785714286,0.214285714,0.183673469,1,0.995341615,0,0.333333333,1822,1.822
org.eclipse.jdt.internal.compiler.classfmt,1,7,0.4,10,16,0.384615385,0.215384615,0.212962963,1,0.98757764,0,0.125,1344,1.344
org.eclipse.jdt.internal.compiler.codegen,1,16,0.230769231,10,6,0.625,0.144230769,0.148648649,1,0.992236025,0,0.2,8440,8.44
org.eclipse.jdt.internal.compiler.env,0,16,15,2,25,0.074074074,14.07407407,1,1,0.989130435,0,0.142857143,170,0.17
org.eclipse.jdt.internal.compiler.flow,1,11,0.1,8,4,0.666666667,0.233333333,0.2,1,0.99378882,0,0.25,1424,1.424
org.eclipse.jdt.internal.compiler.impl,0,13,0.3,11,30,0.268292683,0.431707317,0.265306122,1,0.953416149,0,0.033333333,2305,2.305
org.eclipse.jdt.internal.compiler.lookup,32,42,0.448275862,12,24,0.333333333,0.218390805,0.130023641,1,0.968944099,0,0.0375,8302,8.302
org.eclipse.jdt.internal.compiler.parser,31,21,0.166666667,13,20,0.393939394,0.439393939,0.107894737,1,0.970496894,0.052631579,0.052631579,10972,10.972
org.eclipse.jdt.internal.compiler.parser.diagnose,0,3,0,9,1,0.9,0.1,0.178571429,1,0.998447205,0,1,1853,1.853
org.eclipse.jdt.internal.compiler.problem,16,10,0.111111111,11,23,0.323529412,0.565359477,0.136513158,1,0.964285714,0,0.043478261,4270,4.27
org.eclipse.jdt.internal.compiler.util,2,11,0.1,6,21,0.222222222,0.677777778,0.625,1,0.967391304,0,0.047619048,1080,1.08
org.eclipse.jdt.internal.core,25,121,0.141509434,34,16,0.68,0.178490566,0.03905867,0.357142857,0.972049689,0.00462963,0.034722222,25590,25.59
org.eclipse.jdt.internal.core.builder,2,23,0.095238095,18,3,0.857142857,0.047619048,0.098901099,0.75,0.995341615,0.166666667,0.333333333,3388,3.388
org.eclipse.jdt.internal.core.dom.rewrite,2,13,0.083333333,9,2,0.818181818,0.098484848,0.149301826,1,0.99689441,0,0.5,4780,4.78
org.eclipse.jdt.internal.core.eval,0,3,0,12,1,0.923076923,0.076923077,0.1225,1,0.998447205,0,1,387,0.387
org.eclipse.jdt.internal.core.hierarchy,1,10,0.25,23,3,0.884615385,0.134615385,0.061403509,1,0.995341615,0,0.333333333,3146,3.146
org.eclipse.jdt.internal.core.index,2,4,0,8,3,0.727272727,0.272727273,0.226190476,1,0.995341615,0,0.333333333,970,0.97
org.eclipse.jdt.internal.core.jdom,1,15,0.25,11,2,0.846153846,0.096153846,0.149758454,1,0.99689441,0,0.5,2847,2.847
org.eclipse.jdt.internal.core.search,2,11,0.222222222,15,4,0.789473684,0.011695906,0.109848485,1,0.99378882,0,0.25,1111,1.111
org.eclipse.jdt.internal.core.search.indexing,4,16,0.230769231,21,6,0.777777778,0.008547009,0.077647059,1,0.989130435,0,0.142857143,2045,2.045
org.eclipse.jdt.internal.core.search.matching,18,40,0.111111111,26,3,0.896551724,0.007662835,0.048648649,0.555555556,0.99378882,0.0625,0.125,5823,5.823
org.eclipse.jdt.internal.core.search.processing,0,2,0,4,5,0.444444444,0.555555556,1,1,0.99068323,0.166666667,0.166666667,332,0.332
org.eclipse.jdt.internal.core.util,14,40,0.111111111,24,16,0.6,0.288888889,0.063172043,1,0.973602484,0.029411765,0.058823529,11423,11.423
org.eclipse.jdt.internal.corext,0,5,0,9,35,0.204545455,0.795454545,0.285714286,1,0.942546584,0,0.027027027,132,0.132
org.eclipse.jdt.internal.corext.callhierarchy,0,14,0.272727273,14,1,0.933333333,0.206060606,0.110251451,0.75,0.998447205,0,1,1075,1.075
org.eclipse.jdt.internal.corext.codemanipulation,2,19,0.117647059,32,21,0.603773585,0.278579356,0.041688111,1,0.962732919,0,0.041666667,3819,3.819
org.eclipse.jdt.internal.corext.dom,5,21,0.105263158,14,25,0.358974359,0.535762483,0.089171975,0.666666667,0.959627329,0.038461538,0,5009,5.009
org.eclipse.jdt.internal.corext.dom.fragments,0,9,0.5,7,1,0.875,0.375,0.238095238,1,0.998447205,0,1,521,0.521
org.eclipse.jdt.internal.corext.javadoc,0,5,0.25,21,9,0.7,0.05,0.109461967,1,0.986024845,0.111111111,0.111111111,663,0.663
org.eclipse.jdt.internal.corext.refactoring,3,10,0.111111111,17,13,0.566666667,0.322222222,0.085287846,1,0.976708075,0.066666667,0.066666667,1198,1.198
org.eclipse.jdt.internal.corext.refactoring.base,0,5,0.666666667,12,12,0.5,0.166666667,0.357142857,1,0.98136646,0.083333333,0.083333333,278,0.278
org.eclipse.jdt.internal.corext.refactoring.changes,1,31,0.192307692,15,10,0.6,0.207692308,0.102040816,0.466666667,0.98447205,0,0.025,1685,1.685
org.eclipse.jdt.internal.corext.refactoring.code,5,26,0.04,30,4,0.882352941,0.077647059,0.040584416,0.4,0.99378882,0.25,0.25,9235,9.235
org.eclipse.jdt.internal.corext.refactoring.code.flow,0,20,0.111111111,6,2,0.75,0.138888889,0.2734375,1,0.99689441,0.25,0.5,1716,1.716
org.eclipse.jdt.internal.corext.refactoring.nls,1,17,0,30,5,0.857142857,0.142857143,0.048582996,1,0.992236025,0,0.2,2030,2.03
org.eclipse.jdt.internal.corext.refactoring.nls.changes,0,4,0,11,4,0.733333333,0.266666667,0.193277311,1,0.99378882,0,0.25,275,0.275
org.eclipse.jdt.internal.corext.refactoring.participants,0,5,0,10,3,0.769230769,0.230769231,0.220779221,1,0.995341615,0,0.333333333,212,0.212
org.eclipse.jdt.internal.corext.refactoring.rename,1,22,0.1,23,7,0.766666667,0.133333333,0.054520359,0.4375,0.98757764,0,0.125,4599,4.599
org.eclipse.jdt.internal.corext.refactoring.reorg,3,26,0.625,28,8,0.777777778,0.402777778,0.049586777,0.4,0.98757764,0,0.125,4877,4.877
org.eclipse.jdt.internal.corext.refactoring.sef,2,2,0,21,1,0.954545455,0.045454545,0.064184852,0.75,0.998447205,0,1,738,0.738
org.eclipse.jdt.internal.corext.refactoring.structure,12,24,0.043478261,33,6,0.846153846,0.110367893,0.038071895,0.4375,0.99068323,0,0.166666667,11257,11.257
org.eclipse.jdt.internal.corext.refactoring.surround,0,5,0.25,21,2,0.913043478,0.163043478,0.066771406,0.5,0.99689441,0,0.5,549,0.549
org.eclipse.jdt.internal.corext.refactoring.tagging,1,5,0,3,3,0.5,0.5,1,1,1,0,1,40,0.04
org.eclipse.jdt.internal.corext.refactoring.typeconstraints,0,23,0.277777778,9,2,0.818181818,0.095959596,0.176470588,1,0.99689441,0,0.5,1928,1.928
org.eclipse.jdt.internal.corext.refactoring.util,1,13,0.083333333,21,10,0.677419355,0.239247312,0.065096953,1,0.98136646,0.083333333,0.083333333,922,0.922
org.eclipse.jdt.internal.corext.template.java,0,14,0.166666667,31,9,0.775,0.058333333,0.06,0.666666667,0.986024845,0,0.055555556,1960,1.96
org.eclipse.jdt.internal.corext.textmanipulation,0,5,0.25,15,9,0.625,0.125,0.119318182,1,0.986024845,0.111111111,0.111111111,481,0.481
org.eclipse.jdt.internal.corext.util,4,17,0.0625,19,49,0.279411765,0.658088235,0.072066327,1,0.913043478,0,0.017857143,2686,2.686
org.eclipse.jdt.internal.debug.core,4,5,0.25,12,10,0.545454545,0.204545455,0.121212121,1,0.98447205,0,0.1,714,0.714
org.eclipse.jdt.internal.debug.core.breakpoints,6,11,0.1,15,2,0.882352941,0.017647059,0.083035714,1,0.99689441,0,0.5,2694,2.694
org.eclipse.jdt.internal.debug.core.hcr,5,6,0.2,17,1,0.944444444,0.144444444,0.074252652,1,0.998447205,0,1,1581,1.581
org.eclipse.jdt.internal.debug.core.logicalstructures,1,9,0.285714286,5,0,0,0.714285714,0.388888889,1,1,0,1,423,0.423
org.eclipse.jdt.internal.debug.core.model,11,26,0.238095238,14,9,0.608695652,0.15320911,0.086848635,1,0.986024845,0,0.111111111,5361,5.361
org.eclipse.jdt.internal.debug.core.refactoring,2,23,0.045454545,12,0,0,0.954545455,0.123684211,1,1,0,1,1397,1.397
org.eclipse.jdt.internal.debug.eval,0,3,0,12,1,0.923076923,0.076923077,0.11308204,1,0.998447205,0,1,851,0.851
org.eclipse.jdt.internal.debug.eval.ast.engine,8,11,0.1,12,2,0.857142857,0.042857143,0.08123652,1,0.99689441,0,0.5,3992,3.992
org.eclipse.jdt.internal.debug.eval.ast.instructions,1,77,0.1,13,1,0.928571429,0.028571429,0.111979167,1,0.998447205,0,1,2790,2.79
org.eclipse.jdt.internal.debug.ui,14,55,0.1,60,13,0.821917808,0.078082192,0.020523883,0.159722222,0.97826087,0,0.071428571,7152,7.152
org.eclipse.jdt.internal.debug.ui.actions,13,86,0.146666667,48,9,0.842105263,0.01122807,0.025112444,0.234375,0.98447205,0.009090909,0.071428571,6398,6.398
org.eclipse.jdt.internal.debug.ui.breakpoints,0,5,0,26,1,0.962962963,0.037037037,0.056842105,1,0.998447205,0,1,528,0.528
org.eclipse.jdt.internal.debug.ui.classpath,0,12,0.2,21,2,0.913043478,0.113043478,0.075738126,1,0.995341615,0,0.333333333,826,0.826
org.eclipse.jdt.internal.debug.ui.console,2,8,0,17,0,0,1,0.091891892,1,1,0,1,625,0.625
org.eclipse.jdt.internal.debug.ui.display,1,11,0.1,30,3,0.909090909,0.009090909,0.040062435,0.4375,0.995341615,0,0.333333333,1044,1.044
org.eclipse.jdt.internal.debug.ui.jres,1,12,0.2,37,2,0.948717949,0.148717949,0.043197279,0.4375,0.99378882,0,0.25,2090,2.09
org.eclipse.jdt.internal.debug.ui.launcher,2,33,0.137931034,46,6,0.884615385,0.022546419,0.029452243,0.270833333,0.989130435,0.071428571,0.142857143,2850,2.85
org.eclipse.jdt.internal.debug.ui.monitors,0,16,0.142857143,18,0,0,0.857142857,0.079545455,0.666666667,1,0,1,1323,1.323
org.eclipse.jdt.internal.debug.ui.propertypages,4,10,0,30,0,0,1,0.041812865,1,1,0,1,1659,1.659
org.eclipse.jdt.internal.debug.ui.snippeteditor,0,24,0.090909091,58,2,0.966666667,0.057575758,0.023725014,0.169230769,0.99689441,0,0,2672,2.672
org.eclipse.jdt.internal.debug.ui.sourcelookup,0,6,0,21,0,0,1,0.067882472,1,1,0,1,369,0.369
org.eclipse.jdt.internal.eval,6,28,0.12,18,2,0.9,0.02,0.076702509,0.253333333,0.99689441,0,0.5,6537,6.537
org.eclipse.jdt.internal.formatter,10,9,0,15,5,0.75,0.25,0.100185529,0.75,0.992236025,0,0.2,6864,6.864
org.eclipse.jdt.internal.formatter.align,2,2,0,2,2,0.5,0.5,1,1,0.99689441,0,0.5,280,0.28
org.eclipse.jdt.internal.formatter.old,0,1,0,8,1,0.888888889,0.111111111,0.259259259,1,0.998447205,0,1,138,0.138
org.eclipse.jdt.internal.junit.launcher,2,9,0.285714286,34,2,0.944444444,0.23015873,0.050046339,0.555555556,0.99689441,0,0.5,1233,1.233
org.eclipse.jdt.internal.junit.refactoring,1,5,0.25,10,0,0,0.75,0.183333333,1,1,0,1,188,0.188
org.eclipse.jdt.internal.junit.runner,0,3,0,7,2,0.777777778,0.222222222,1,1,0.99689441,0,0.5,653,0.653
org.eclipse.jdt.internal.junit.ui,7,36,0.2,54,5,0.915254237,0.115254237,0.02558657,0.191919192,0.992236025,0,0.2,5032,5.032
org.eclipse.jdt.internal.junit.util,1,10,0.111111111,27,4,0.870967742,0.017921147,0.054731458,1,0.99378882,0,0.25,1042,1.042
org.eclipse.jdt.internal.junit.wizards,0,10,0.25,40,2,0.952380952,0.202380952,0.039899554,0.75,0.99689441,0,0.5,2432,2.432
org.eclipse.jdt.internal.launching,7,37,0.027777778,26,9,0.742857143,0.229365079,0.067787115,0.288888889,0.986024845,0.111111111,0.111111111,4237,4.237
org.eclipse.jdt.internal.launching.macosx,0,5,0,10,0,0,1,0.253333333,0.466666667,1,0,1,261,0.261
org.eclipse.jdt.internal.launching.support,0,1,0,2,0,0,1,1,1,1,0,1,12,0.012
org.eclipse.jdt.internal.ui,0,24,0.2,41,61,0.401960784,0.398039216,0.035414725,0.5,0.897515528,0,0.015151515,1906,1.906
org.eclipse.jdt.internal.ui.actions,0,28,0.166666667,51,18,0.739130435,0.094202899,0.029467085,0.666666667,0.972049689,0.027777778,0.041666667,2167,2.167
org.eclipse.jdt.internal.ui.browsing,1,23,0.15,38,4,0.904761905,0.054761905,0.04519774,0.25,0.99378882,0,0.25,4178,4.178
org.eclipse.jdt.internal.ui.callhierarchy,2,37,0.057142857,45,1,0.97826087,0.035403727,0.029620181,0.185185185,0.998447205,0,1,2990,2.99
org.eclipse.jdt.internal.ui.compare,3,24,0.090909091,51,3,0.944444444,0.035353535,0.032012195,0.285714286,0.995341615,0,0.333333333,2717,2.717
org.eclipse.jdt.internal.ui.dialogs,3,17,0.0625,38,18,0.678571429,0.258928571,0.040510367,0.666666667,0.967391304,0.047619048,0.047619048,2048,2.048
org.eclipse.jdt.internal.ui.dnd,0,8,0.333333333,15,5,0.75,0.083333333,0.103296703,1,0.992236025,0,0.2,418,0.418
org.eclipse.jdt.internal.ui.filters,1,22,0,23,6,0.793103448,0.206896552,0.07183908,0.555555556,0.99068323,0,0.166666667,840,0.84
org.eclipse.jdt.internal.ui.infoviews,2,7,0.166666667,40,0,0,0.833333333,0.039848197,0.75,1,0,1,1067,1.067
org.eclipse.jdt.internal.ui.jarpackager,0,18,0.125,43,1,0.977272727,0,0.040826873,0.333333333,0.998447205,0,1,4031,4.031
org.eclipse.jdt.internal.ui.javadocexport,0,16,0.066666667,51,1,0.980769231,0.047435897,0.033636723,0.75,0.998447205,0,1,3484,3.484
org.eclipse.jdt.internal.ui.javaeditor,13,60,0.132075472,66,34,0.66,0.207924528,0.019390582,0.187969925,0.944099379,0.013888889,0.027777778,11362,11.362
org.eclipse.jdt.internal.ui.javaeditor.selectionactions,0,7,0.166666667,20,1,0.952380952,0.119047619,0.094949495,1,0.998447205,0,1,624,0.624
org.eclipse.jdt.internal.ui.macbundler,0,10,0.25,20,0,0,0.75,0.131034483,1,1,0,1,996,0.996
org.eclipse.jdt.internal.ui.packageview,1,21,0,42,9,0.823529412,0.176470588,0.029445217,0.204545455,0.98447205,0,0.1,3320,3.32
org.eclipse.jdt.internal.ui.preferences,9,51,0.0625,60,21,0.740740741,0.196759259,0.02232271,0.36,0.965838509,0,0.045454545,10807,10.807
org.eclipse.jdt.internal.ui.preferences.formatter,4,22,0.1,36,2,0.947368421,0.047368421,0.06048906,1,0.99689441,0,0.5,4578,4.578
org.eclipse.jdt.internal.ui.refactoring,4,40,0.142857143,51,9,0.85,0.007142857,0.026493256,0.4,0.986024845,0.111111111,0.111111111,6228,6.228
org.eclipse.jdt.internal.ui.refactoring.actions,0,10,0,30,3,0.909090909,0.090909091,0.046948357,0.75,0.995341615,0,0.333333333,932,0.932
org.eclipse.jdt.internal.ui.refactoring.code,0,4,0,27,2,0.931034483,0.068965517,0.058823529,1,0.99689441,0,0.5,473,0.473
org.eclipse.jdt.internal.ui.refactoring.contentassist,1,8,0,24,5,0.827586207,0.172413793,0.064171123,1,0.992236025,0,0.2,705,0.705
org.eclipse.jdt.internal.ui.refactoring.nls,1,15,0.071428571,37,1,0.973684211,0.045112782,0.038809144,0.314285714,0.998447205,0,1,1970,1.97
org.eclipse.jdt.internal.ui.refactoring.nls.search,1,16,0,38,0,0,1,0.039126016,0.259259259,1,0,1,1645,1.645
org.eclipse.jdt.internal.ui.refactoring.reorg,1,33,0.064516129,41,4,0.911111111,0.02437276,0.038744344,0.285714286,0.99378882,0.25,0.25,3366,3.366
org.eclipse.jdt.internal.ui.refactoring.sef,0,2,0,15,1,0.9375,0.0625,0.103448276,1,0.998447205,0,1,238,0.238
org.eclipse.jdt.internal.ui.search,6,76,0.134328358,46,9,0.836363636,0.029308005,0.026133333,0.164285714,0.98447205,0.014285714,0.06,6538,6.538
org.eclipse.jdt.internal.ui.text,3,44,0.157894737,47,16,0.746031746,0.096073517,0.033463288,0.305555556,0.979813665,0.076923077,0.076923077,6810,6.81
org.eclipse.jdt.internal.ui.text.comment,0,17,0.307692308,18,4,0.818181818,0.125874126,0.092592593,0.466666667,0.99378882,0,0.25,1380,1.38
org.eclipse.jdt.internal.ui.text.correction,14,50,0.041666667,57,4,0.93442623,0.023907104,0.021315392,0.75,0.99378882,0,0.25,10212,10.212
org.eclipse.jdt.internal.ui.text.folding,0,6,0,20,3,0.869565217,0.130434783,0.072727273,1,0.995341615,0,0.333333333,673,0.673
org.eclipse.jdt.internal.ui.text.java,1,28,0.12,50,10,0.833333333,0.046666667,0.025906736,0.4375,0.98447205,0,0.1,4608,4.608
org.eclipse.jdt.internal.ui.text.java.hover,2,14,0.166666667,35,5,0.875,0.041666667,0.047058824,1,0.99068323,0,0.166666667,1119,1.119
org.eclipse.jdt.internal.ui.text.javadoc,1,10,0.666666667,24,7,0.774193548,0.440860215,0.057386364,0.666666667,0.99068323,0,0.166666667,1498,1.498
org.eclipse.jdt.internal.ui.text.spelling,1,13,0,25,3,0.892857143,0.107142857,0.06323185,1,0.99378882,0,0.25,999,0.999
org.eclipse.jdt.internal.ui.text.spelling.engine,0,17,1.428571429,6,2,0.75,1.178571429,0.75,1,0.998447205,1,1,1216,1.216
org.eclipse.jdt.internal.ui.text.template.contentassist,0,9,0,22,7,0.75862069,0.24137931,0.068688671,0.75,0.989130435,0,0.142857143,757,0.757
org.eclipse.jdt.internal.ui.text.template.preferences,0,4,0,12,1,0.923076923,0.076923077,0.160493827,1,0.998447205,0,1,168,0.168
org.eclipse.jdt.internal.ui.typehierarchy,2,29,0.115384615,42,3,0.933333333,0.048717949,0.030571429,0.25,0.995341615,0.166666667,0.333333333,3620,3.62
org.eclipse.jdt.internal.ui.util,1,19,0.055555556,38,39,0.493506494,0.450937951,0.039747807,0.4,0.933229814,0,0.023255814,1601,1.601
org.eclipse.jdt.internal.ui.viewsupport,5,25,0.136363636,29,31,0.483333333,0.38030303,0.047888386,0.34375,0.953416149,0,0.033333333,2051,2.051
org.eclipse.jdt.internal.ui.wizards,1,22,0.157894737,42,6,0.875,0.032894737,0.036231884,0.4375,0.99378882,0,0.25,2078,2.078
org.eclipse.jdt.internal.ui.wizards.buildpaths,2,37,0.027777778,42,4,0.913043478,0.059178744,0.03228634,0.25,0.992236025,0,0.2,6858,6.858
org.eclipse.jdt.internal.ui.wizards.dialogfields,0,16,0.333333333,13,6,0.684210526,0.01754386,0.109090909,1,0.989130435,0,0.142857143,2403,2.403
org.eclipse.jdt.internal.ui.workingsets,0,9,0,30,3,0.909090909,0.090909091,0.050480769,0.333333333,0.995341615,0,0.333333333,861,0.861
org.eclipse.jdt.junit,0,2,1,2,1,0.666666667,0.666666667,1,1,1,0,1,24,0.024
org.eclipse.jdt.launching,3,24,1.666666667,18,25,0.418604651,1.085271318,0.1875,1,0.964285714,0.02173913,0.032608696,2442,2.442
org.eclipse.jdt.launching.sourcelookup,1,8,0.142857143,17,3,0.85,0.007142857,0.148026316,0.666666667,0.995341615,0,0.333333333,1058,1.058
org.eclipse.jdt.launching.sourcelookup.containers,0,6,0,10,2,0.833333333,0.166666667,0.151515152,1,0.99689441,0,0.5,398,0.398
org.eclipse.jdt.ui,1,18,0.8,42,59,0.415841584,0.215841584,0.033136095,0.666666667,0.897515528,0,0.015151515,2197,2.197
org.eclipse.jdt.ui.actions,6,86,0.036144578,66,15,0.814814815,0.149040607,0.018191171,1,0.97826087,0.035714286,0.071428571,11832,11.832
org.eclipse.jdt.ui.jarpackager,0,6,2,12,0,0,1,0.173611111,1,1,0,1,486,0.486
org.eclipse.jdt.ui.refactoring,0,2,1,13,2,0.866666667,0.866666667,0.117647059,1,0.998447205,0,1,207,0.207
org.eclipse.jdt.ui.search,0,6,2,7,1,0.875,1.875,0.75,1,0.998447205,0,1,77,0.077
org.eclipse.jdt.ui.text,2,5,1.5,27,19,0.586956522,1.086956522,0.057123656,1,0.973602484,0,0.058823529,609,0.609
org.eclipse.jdt.ui.text.folding,0,2,0,3,2,0.6,0.4,1,1,1,0,1,18,0.018
org.eclipse.jdt.ui.text.java,0,6,0,5,8,0.384615385,0.6153,1,1,1,0,1,51,0.051
org.eclipse.jdt.ui.text.java.hover,0,1,0,2,1,0.666666667,0.333333333,1,1,1,0,1,6,0.006
org.eclipse.jdt.ui.wizards,4,12,1,43,9,0.826923077,0.826923077,0.06162465,1,0.986024845,0.037037037,0.111111111,2434,2.434
org.eclipse.jface.action,8,32,1,13,121,0.097014925,0.097014925,0.120930233,1,0.799689441,0.002583979,0.007751938,4255,4.255
org.eclipse.jface.contentassist,0,10,1.5,13,6,0.684210526,1.184210526,0.187969925,1,0.992236025,0,0.2,793,0.793
org.eclipse.jface.dialogs,4,19,0.9,22,149,0.128654971,0.028654971,0.12195122,1,0.712732919,0.005405405,0.005405405,2503,2.503
org.eclipse.jface.internal.text.link.contentassist,0,14,0.4,13,1,0.928571429,0.328571429,0.124378109,1,0.998447205,0,1,2515,2.515
org.eclipse.jface.operation,2,4,1,6,70,0.078947368,0.078947368,0.416666667,1,0.986024845,0,0.111111111,289,0.289
org.eclipse.jface.preference,10,30,0.5,16,105,0.132231405,0.367768595,0.105571848,0.555555556,0.906832298,0.01,0.013333333,3776,3.776
org.eclipse.jface.resource,4,13,0.3,11,135,0.075342466,0.624657534,0.208333333,1,0.74068323,0.003992016,0.005988024,1408,1.408
org.eclipse.jface.text,0,106,1.717948718,16,116,0.121212121,0.839160839,0.111392405,0.75,0.818322981,0.006410256,0.006410256,8443,8.443
org.eclipse.jface.text.contentassist,0,23,1.090909091,11,24,0.314285714,0.405194805,0.125925926,1,0.976708075,0,0.066666667,2679,2.679
org.eclipse.jface.text.formatter,0,10,1.5,4,9,0.307692308,0.807692308,0.53125,1,0.986024845,0.111111111,0.111111111,627,0.627
org.eclipse.jface.text.information,0,6,5,5,5,0.5,4.5,0.368421053,1,0.995341615,0,0.333333333,284,0.284
org.eclipse.jface.text.link,0,10,0.111111111,10,6,0.625,0.263888889,0.1425,0.75,0.99068323,0,0.166666667,1709,1.709
org.eclipse.jface.text.presentation,0,5,4,4,6,0.4,3.4,0.529411765,1,0.989130435,0,0.142857143,336,0.336
org.eclipse.jface.text.projection,0,12,0.090909091,3,3,0.5,0.409090909,1,1,0.995341615,0,0.333333333,1363,1.363
org.eclipse.jface.text.reconciler,0,13,2.25,4,9,0.307692308,1.557692308,0.55,1,0.98757764,0,0.125,606,0.606
org.eclipse.jface.text.rules,0,24,0.5,5,9,0.357142857,0.142857143,0.366666667,1,0.982919255,0,0.090909091,1377,1.377
org.eclipse.jface.text.source,0,50,1.083333333,18,45,0.285714286,0.369047619,0.080622348,1,0.934782609,0,0.023809524,6128,6.128
org.eclipse.jface.text.source.projection,0,10,0.111111111,14,3,0.823529412,0.065359477,0.093406593,1,0.99378882,0,0.25,2042,2.042
org.eclipse.jface.text.templates,0,18,0.125,11,17,0.392857143,0.482142857,0.168831169,1,0.973602484,0.058823529,0.058823529,1167,1.167
org.eclipse.jface.text.templates.persistence,0,4,0,13,11,0.541666667,0.458333333,0.444444444,1,0.98136646,0,0.083333333,471,0.471
org.eclipse.jface.util,3,13,0.625,10,128,0.072463768,0.302536232,0.206349206,1,0.76552795,0.006622517,0.006622517,910,0.91
org.eclipse.jface.viewers,14,69,1.555555556,12,153,0.072727273,0.628282828,0.144886364,1,0.742236025,0.004381161,0.006024096,5366,5.366
org.eclipse.jface.window,1,3,0.5,15,93,0.138888889,0.361111111,0.148148148,1,0.781055901,0.007092199,0.007092199,705,0.705
org.eclipse.jface.wizard,1,10,4,14,57,0.197183099,3.197183099,0.116883117,0.75,0.902173913,0.015873016,0.015873016,1183,1.183
org.eclipse.ltk.core.refactoring,0,24,0.6,7,21,0.25,0.15,0.234782609,1,0.954968944,0.027586207,0.017241379,1610,1.61
org.eclipse.ltk.core.refactoring.participants,0,25,1.083333333,6,7,0.461538462,0.544871795,0.24,1,0.98447205,0.045454545,0.08,620,0.62
org.eclipse.ltk.internal.core.refactoring,0,18,0.058823529,11,1,0.916666667,0.024509804,0.146341463,1,0.998447205,0,1,1149,1.149
org.eclipse.ltk.internal.ui.refactoring,0,38,0.225806452,38,0,0,0.774193548,0.040389294,0.25,1,0,1,3164,3.164
org.eclipse.ltk.internal.ui.refactoring.util,0,3,0,7,1,0.875,0.125,0.259259259,1,0.998447205,0,1,89,0.089
org.eclipse.ltk.ui.refactoring,0,12,1.4,22,6,0.785714286,1.185714286,0.12,1,0.99068323,0.083333333,0.166666667,877,0.877
org.eclipse.osgi.framework.adaptor,0,11,4.5,8,8,0.5,4,1,1,0.99689441,0,0.5,143,0.143
org.eclipse.osgi.framework.adaptor.core,1,12,1.4,15,5,0.75,1.15,0.2,1,0.992236025,0.2,0.16,1506,1.506
org.eclipse.osgi.framework.console,0,2,0,3,2,0.6,0.4,1,1,1,0,1,16,0.016
org.eclipse.osgi.framework.debug,0,2,0,6,7,0.461538462,0.538461538,1,1,0.989130435,0,0.142857143,239,0.239
org.eclipse.osgi.framework.eventmgr,0,6,0.2,3,1,0.75,0.05,0,1,0.998447205,0,1,290,0.29
org.eclipse.osgi.framework.internal.core,2,48,0.11627907,22,10,0.6875,0.19622093,0.075168919,1,0.986024845,0,0.074074074,9542,9.542
org.eclipse.osgi.framework.internal.defaultadaptor,1,8,0,15,1,0.9375,0.0625,0.125714286,1,0.998447205,0,1,1552,1.552
org.eclipse.osgi.framework.internal.protocol,0,7,0.166666667,8,1,0.888888889,0.055555556,0.325,1,0.998447205,0,1,403,0.403
org.eclipse.osgi.framework.internal.protocol.bundleentry,0,1,0,4,1,0.8,0.2,0.625,1,0.998447205,0,1,20,0.02
org.eclipse.osgi.framework.internal.protocol.bundleresource,0,1,0,4,1,0.8,0.2,0.666666667,1,0.998447205,0,1,25,0.025
org.eclipse.osgi.framework.internal.protocol.reference,1,2,0,4,0,0,1,1,1,1,0,1,46,0.046
org.eclipse.osgi.framework.internal.reliablefile,0,3,0,4,1,0.8,0.2,1,1,0.998447205,0,1,643,0.643
org.eclipse.osgi.framework.launcher,0,1,0,8,1,0.888888889,0.111111111,0.4,1,0.998447205,0,1,183,0.183
org.eclipse.osgi.framework.log,0,2,1,3,5,0.375,0.375,1,1,0.99378882,0,0.25,40,0.04
org.eclipse.osgi.framework.msg,0,1,0,3,9,0.25,0.75,1,1,0.986024845,0,0.111111111,107,0.107
org.eclipse.osgi.framework.stats,0,5,0,7,1,0.875,0.125,0.5,1,0.998447205,0,1,510,0.51
org.eclipse.osgi.framework.util,0,5,0,10,6,0.625,0.375,0.3,1,0.99068323,0,0.166666667,384,0.384
org.eclipse.osgi.internal.resolver,1,24,0.142857143,11,3,0.785714286,0.071428571,0.168067227,1,0.995341615,0,0.333333333,2281,2.281
org.eclipse.osgi.service.datalocation,2,2,1,6,10,0.375,0.375,0.6,1,0.998447205,0,1,279,0.279
org.eclipse.osgi.service.debug,0,1,0,1,4,0.2,0.8,1,1,1,0,1,7,0.007
org.eclipse.osgi.service.environment,0,2,0,1,9,0.1,0.9,1,1,1,0,1,33,0.033
org.eclipse.osgi.service.localization,0,1,0,3,2,0.6,0.4,1,1,1,0,1,5,0.005
org.eclipse.osgi.service.pluginconversion,0,2,1,3,3,0.5,0.5,1,1,0.995341615,0,0.333333333,26,0.026
org.eclipse.osgi.service.resolver,0,16,4.333333333,4,18,0.181818182,3.515151515,1,1,0.979813665,0,0.076923077,474,0.474
org.eclipse.osgi.service.runnable,0,1,0,1,2,0.333333333,0.666666667,1,1,1,0,1,3,0.003
org.eclipse.osgi.service.systembundle,0,1,0,3,2,0.6,0.4,1,1,1,0,1,6,0.006
org.eclipse.osgi.service.urlconversion,0,1,0,2,2,0.5,0.5,1,1,1,0,1,6,0.006
org.eclipse.osgi.util,0,1,0,7,15,0.318181818,0.681818182,0.36,1,0.97515528,0,0.0625,142,0.142
org.eclipse.pde.ant,0,1,0,15,0,0,1,0.152941176,0,1,0,1,221,0.221
org.eclipse.pde.core,0,14,13,4,42,0.086956522,12.08695652,1,1,0.98136646,0,0.083333333,143,0.143
org.eclipse.pde.core.build,0,4,0,3,12,0.2,0.8,1,1,1,0,1,39,0.039
org.eclipse.pde.core.plugin,0,22,0,6,31,0.162162162,0.837837838,1,1,1,0,1,236,0.236
org.eclipse.pde.internal,0,5,0.25,8,10,0.444444444,0.305555556,0.393939394,1,0.98447205,0,0.1,243,0.243
org.eclipse.pde.internal.build,0,18,0.285714286,17,8,0.68,0.034285714,0.10326087,1,0.99068323,0.166666667,0.166666667,2079,2.079
org.eclipse.pde.internal.build.ant,0,8,0.142857143,3,3,0.5,0.357142857,1,1,0.995341615,0,0.333333333,600,0.6
org.eclipse.pde.internal.build.builder,0,7,0.4,13,5,0.722222222,0.122222222,0.130023641,1,0.99378882,0,0.25,2212,2.212
org.eclipse.pde.internal.build.packager,0,4,0,12,1,0.923076923,0.076923077,0.180124224,0.666666667,0.998447205,0,1,621,0.621
org.eclipse.pde.internal.build.site,0,9,0,16,4,0.8,0.2,0.105571848,1,0.99378882,0,0.25,831,0.831
org.eclipse.pde.internal.build.tasks,0,10,0,14,0,0,1,0.181818182,0.75,1,0,1,791,0.791
org.eclipse.pde.internal.builders,3,14,0.166666667,23,6,0.793103448,0.040229885,0.071691176,1,0.99068323,0,0.166666667,2741,2.741
org.eclipse.pde.internal.core,0,42,0.272727273,35,32,0.52238806,0.204884668,0.047111111,0.466666667,0.950310559,0.015625,0.03125,6547,6.547
org.eclipse.pde.internal.core.build,0,8,0.333333333,9,8,0.529411765,0.137254902,0.257142857,1,0.98757764,0,0.125,412,0.412
org.eclipse.pde.internal.core.bundle,0,10,0.25,15,3,0.833333333,0.083333333,0.120454545,1,0.995341615,0,0.333333333,958,0.958
org.eclipse.pde.internal.core.feature,0,16,0.142857143,13,7,0.65,0.207142857,0.191919192,1,0.989130435,0,0.142857143,2229,2.229
org.eclipse.pde.internal.core.ibundle,0,11,0,4,6,0.4,0.6,1,1,1,0,1,64,0.064
org.eclipse.pde.internal.core.ifeature,0,15,0,6,13,0.315789474,0.684210526,1,1,1,0,1,241,0.241
org.eclipse.pde.internal.core.ischema,0,19,0,4,10,0.285714286,0.714285714,1,1,1,0,1,157,0.157
org.eclipse.pde.internal.core.isite,0,13,0,6,7,0.461538462,0.538461538,1,1,1,0,1,174,0.174
org.eclipse.pde.internal.core.plugin,0,27,0.5,19,13,0.59375,0.09375,0.13,0.75,0.979813665,0,0.046153846,2914,2.914
org.eclipse.pde.internal.core.schema,0,22,0.294117647,13,9,0.590909091,0.114973262,0.182389937,1,0.986024845,0,0.111111111,2687,2.687
org.eclipse.pde.internal.core.search,0,4,0.333333333,7,1,0.875,0.208333333,0.25,1,0.998447205,0,1,215,0.215
org.eclipse.pde.internal.core.site,0,17,0.307692308,13,4,0.764705882,0.07239819,0.193548387,1,0.99378882,0,0.25,1811,1.811
org.eclipse.pde.internal.core.util,0,2,0,3,4,0.428571429,0.571428571,0,1,0.99378882,0,0.25,365,0.365
org.eclipse.pde.internal.junit.runtime,0,5,0,9,0,0,1,0.3,0.75,1,0,1,239,0.239
org.eclipse.pde.internal.runtime,0,4,0.333333333,12,2,0.857142857,0.19047619,0.16875,0.75,0.99689441,0,0.5,305,0.305
org.eclipse.pde.internal.runtime.logview,1,10,0,28,0,0,1,0.056301653,0.36,1,0,1,2325,2.325
org.eclipse.pde.internal.runtime.registry,0,18,0.2,18,1,0.947368421,0.147368421,0.076286765,0.4375,0.998447205,0,1,1213,1.213
org.eclipse.pde.internal.ui,0,8,0.6,37,28,0.569230769,0.169230769,0.043298969,0.555555556,0.956521739,0,0.035714286,1182,1.182
org.eclipse.pde.internal.ui.ant,0,4,0.333333333,11,0,0,0.666666667,0.192307692,1,1,0,1,138,0.138
org.eclipse.pde.internal.ui.build,0,6,0.2,32,3,0.914285714,0.114285714,0.075650118,1,0.995341615,0,0.333333333,501,0.501
org.eclipse.pde.internal.ui.editor,0,37,0.761904762,43,9,0.826923077,0.588827839,0.039480019,0.234375,0.986024845,0.079365079,0.098765432,3081,3.081
org.eclipse.pde.internal.ui.editor.build,0,16,0.066666667,42,2,0.954545455,0.021212121,0.031781227,0.3125,0.99689441,0,0.5,2713,2.713
org.eclipse.pde.internal.ui.editor.context,0,5,0,18,7,0.72,0.28,1,1,0.989130435,0.142857143,0.142857143,753,0.753
org.eclipse.pde.internal.ui.editor.feature,0,44,0.047619048,53,1,0.981481481,0.029100529,0.025366512,0.160493827,0.998447205,0,1,5925,5.925
org.eclipse.pde.internal.ui.editor.plugin,0,38,0,72,6,0.923076923,0.076923077,0.017275172,0.185714286,0.99068323,0,0.166666667,6926,6.926
org.eclipse.pde.internal.ui.editor.plugin.rows,0,7,0.4,27,1,0.964285714,0.364285714,0.056,1,0.998447205,0,1,577,0.577
org.eclipse.pde.internal.ui.editor.schema,0,36,0.090909091,39,1,0.975,0.065909091,0.033496732,0.196428571,0.998447205,0,1,3476,3.476
org.eclipse.pde.internal.ui.editor.site,0,19,0.055555556,39,0,0,0.944444444,0.036877828,0.388888889,1,0,1,2326,2.326
org.eclipse.pde.internal.ui.editor.text,0,15,0.363636364,20,7,0.740740741,0.104377104,0.073717949,0.625,0.992236025,0,0.2,513,0.513
org.eclipse.pde.internal.ui.elements,0,9,0.5,4,7,0.363636364,0.136363636,0.6,1,0.989130435,0.071428571,0.071428571,172,0.172
org.eclipse.pde.internal.ui.launcher,0,20,0.111111111,42,3,0.933333333,0.044444444,0.033386328,0.285714286,0.995341615,0,0.333333333,3818,3.818
org.eclipse.pde.internal.ui.model,0,9,8,12,7,0.631578947,7.631578947,1,1,0.992236025,0.2,0.133333333,484,0.484
org.eclipse.pde.internal.ui.model.build,0,4,0,10,1,0.909090909,0.090909091,0.204081633,1,0.998447205,0,1,220,0.22
org.eclipse.pde.internal.ui.model.bundle,0,4,0,11,1,0.916666667,0.083333333,0.25,0.75,0.998447205,0,1,191,0.191
org.eclipse.pde.internal.ui.model.plugin,0,19,0.266666667,16,1,0.941176471,0.207843137,0.138047138,1,0.998447205,0,0.25,1559,1.559
org.eclipse.pde.internal.ui.parts,0,18,0.5,22,16,0.578947368,0.078947368,0.067272727,0.555555556,0.97515528,0.015625,0.041666667,1191,1.191
org.eclipse.pde.internal.ui.preferences,0,12,0,33,2,0.942857143,0.057142857,0.047193878,1,0.99689441,0,0.5,1450,1.45
org.eclipse.pde.internal.ui.properties,0,1,0,16,0,0,1,0.107692308,1,1,0,1,126,0.126
org.eclipse.pde.internal.ui.search,0,25,0,40,4,0.909090909,0.090909091,0.034454302,0.270833333,0.99378882,0,0.25,2034,2.034
org.eclipse.pde.internal.ui.util,0,7,0.166666667,13,23,0.361111111,0.472222222,0.133333333,0.75,0.964285714,0,0.043478261,289,0.289
org.eclipse.pde.internal.ui.view,0,14,0,43,1,0.977272727,0.022727273,0.0328585,0.36,0.998447205,0,1,1777,1.777
org.eclipse.pde.internal.ui.wizards,0,17,0.545454545,27,14,0.658536585,0.203991131,0.058530511,0.333333333,0.979813665,0.057692308,0.057692308,1162,1.162
org.eclipse.pde.internal.ui.wizards.exports,0,8,0.333333333,38,4,0.904761905,0.238095238,0.061363636,1,0.99378882,0,0.25,1342,1.342
org.eclipse.pde.internal.ui.wizards.extension,0,12,0.090909091,38,1,0.974358974,0.065268065,0.048105577,0.6,0.998447205,0,1,1599,1.599
org.eclipse.pde.internal.ui.wizards.feature,0,11,0.1,41,0,0,0.9,0.036536537,0.4375,1,0,1,1489,1.489
org.eclipse.pde.internal.ui.wizards.imports,0,12,0.090909091,38,1,0.974358974,0.065268065,0.038251366,0.5,0.998447205,0,1,2747,2.747
org.eclipse.pde.internal.ui.wizards.plugin,0,13,0.181818182,38,0,0,0.818181818,0.039117647,0.4,1,0,1,1566,1.566
org.eclipse.pde.internal.ui.wizards.site,0,3,0,29,0,0,1,0.057123656,0.555555556,1,0,1,647,0.647
org.eclipse.pde.internal.ui.wizards.templates,0,25,0.086956522,21,2,0.913043478,0,0.078663793,0.5,0.99689441,0,0.5,2303,2.303
org.eclipse.pde.internal.ui.wizards.tools,0,9,0,29,0,0,1,0.052467532,0.666666667,1,0,1,1046,1.046
org.eclipse.pde.ui,0,7,0,6,6,0.5,0.5,1,1,1,0,1,54,0.054
org.eclipse.pde.ui.internal.samples,0,8,0,37,0,0,1,0.042810458,0.5,1,0,1,1222,1.222
org.eclipse.pde.ui.templates,0,13,2.25,20,3,0.869565217,2.119565217,0.208791209,1,0.99689441,0,0.416666667,995,0.995
org.eclipse.platform.internal,0,1,0,8,0,0,1,0.238095238,1,1,0,1,49,0.049
org.eclipse.search.internal.core,0,2,1,5,3,0.625,0.625,0.5,1,0.995341615,0,0.333333333,64,0.064
org.eclipse.search.internal.core.text,1,9,0.285714286,15,2,0.882352941,0.168067227,0.127272727,1,0.99689441,0,0.5,639,0.639
org.eclipse.search.internal.ui,2,36,0.028571429,33,6,0.846153846,0.125274725,0.041454082,0.25,0.98757764,0,0.125,4211,4.211
org.eclipse.search.internal.ui.text,4,29,0.035714286,41,0,0,0.964285714,0.032976827,0.3,1,0,1,4029,4.029
org.eclipse.search.internal.ui.util,0,12,0.090909091,28,2,0.933333333,0.024242424,0.063768116,0.36,0.995341615,0.333333333,0.333333333,1154,1.154
org.eclipse.search.ui,0,19,8.5,14,9,0.608695652,8.108695652,0.220779221,1,0.97826087,0.071428571,0.071428571,281,0.281
org.eclipse.search.ui.text,2,8,1.666666667,21,4,0.84,1.506666667,0.75,1,0.992236025,0.2,0.2,1045,1.045
org.eclipse.search2.internal.ui,0,13,0,26,3,0.896551724,0.103448276,0.058823529,0.4375,0.992236025,0,0.2,1172,1.172
org.eclipse.search2.internal.ui.basic.views,0,11,0.1,6,1,0.857142857,0.042857143,0.253333333,1,0.998447205,0,1,344,0.344
org.eclipse.search2.internal.ui.text,1,8,0.142857143,12,1,0.923076923,0.065934066,0.108734403,1,0.998447205,0,1,1011,1.011
org.eclipse.swt,0,3,0,3,185,0.015957447,0.984042553,1,1,0.647515528,0,0.004405286,533,0.533
org.eclipse.swt.accessibility,0,15,0.666666667,11,10,0.523809524,0.19047619,0.136507937,1,0.98447205,0.033333333,0,2878,2.878
org.eclipse.swt.awt,3,4,0,6,0,0,1,0.428571429,1,1,0,1,491,0.491
org.eclipse.swt.browser,11,34,0.416666667,15,3,0.833333333,0.25,0.085972851,0.5,0.995341615,0,0,6754,6.754
org.eclipse.swt.custom,9,49,0.256410256,10,121,0.076335878,0.667253866,0.137152778,0.571428571,0.77484472,0,0.006896552,13820,13.82
org.eclipse.swt.dnd,4,79,0.234375,13,45,0.224137931,0.541487069,0.108391608,0.625,0.922360248,0.001538462,0.02,7814,7.814
org.eclipse.swt.events,0,42,1.625,4,94,0.040816327,0.665816327,0.625,1,0.878881988,0.008547009,0.007692308,428,0.428
org.eclipse.swt.graphics,12,70,0.111111111,11,181,0.057291667,0.831597222,0.136363636,1,0.647515528,0.000881057,0.004405286,23620,23.62
org.eclipse.swt.internal,0,24,0.333333333,8,28,0.222222222,0.444444444,0.314285714,1,0.954968944,0,0.034482759,1276,1.276
org.eclipse.swt.internal.accessibility.gtk,0,13,0,2,1,0.666666667,0.333333333,1,1,0.998447205,0,1,264,0.264
org.eclipse.swt.internal.carbon,1,39,0,1,6,0.142857143,0.857142857,1,1,0.99068323,0,0.166666667,1833,1.833
org.eclipse.swt.internal.gnome,1,2,0,1,1,0.5,0.5,1,1,0.998447205,0,1,37,0.037
org.eclipse.swt.internal.gtk,10,43,0.023809524,2,8,0.2,0.776190476,1,1,0.99068323,0,0,1667,1.667
org.eclipse.swt.internal.image,1,39,0.083333333,5,1,0.833333333,0.083333333,0.407407407,1,0.998447205,0,0.5,6714,6.714
org.eclipse.swt.internal.motif,0,39,0.026315789,3,6,0.333333333,0.640350877,1,1,0.99068323,0,0,1537,1.537
org.eclipse.swt.internal.mozilla,1,67,0,5,1,0.833333333,0.166666667,0.666666667,1,0.998447205,0,1,4830,4.83
org.eclipse.swt.internal.ole.win32,0,53,0,4,3,0.571428571,0.428571429,0.6,1,0.995341615,0,0.333333333,2329,2.329
org.eclipse.swt.internal.photon,0,32,0,1,5,0.166666667,0.833333333,1,1,0.99378882,0,0.25,1169,1.169
org.eclipse.swt.internal.win32,4,101,0.063157895,2,10,0.166666667,0.770175439,1,1,0.982919255,0,0.090909091,3711,3.711
org.eclipse.swt.layout,0,8,0,5,132,0.03649635,0.96350365,0.428571429,1,0.74378882,0,0.006060606,955,0.955
org.eclipse.swt.ole.win32,1,14,0.076923077,8,3,0.727272727,0.195804196,0.232,0.75,0.995341615,0,0.333333333,3370,3.37
org.eclipse.swt.printing,1,11,0,8,3,0.727272727,0.272727273,0.178571429,0.666666667,0.995341615,0,0.333333333,1358,1.358
org.eclipse.swt.program,4,5,0,12,8,0.6,0.4,0.155555556,1,0.98757764,0,0.125,1516,1.516
org.eclipse.swt.tools.internal,0,20,0.176470588,11,0,0,0.823529412,0.202898551,0,1,0,1,3502,3.502
org.eclipse.swt.widgets,65,206,0.119565217,14,232,0.056910569,0.823524214,0.104,1,0.549689441,0.000656814,0.002463054,89373,89.373
org.eclipse.team.core,1,12,1.4,9,26,0.257142857,0.657142857,0.363636364,1,0.951863354,0,0.021505376,990,0.99
org.eclipse.team.core.subscribers,0,4,3,8,7,0.533333333,2.533333333,1,1,0.98757764,0.125,0.125,152,0.152
org.eclipse.team.core.synchronize,3,8,1,9,10,0.473684211,0.473684211,0.174603175,1,0.98136646,0.083333333,0.083333333,884,0.884
org.eclipse.team.core.variants,1,15,2.75,10,12,0.454545455,2.204545455,0.206349206,1,0.992236025,0.114285714,0.1,1158,1.158
org.eclipse.team.internal.ccvs.core,7,37,1.176470588,23,17,0.575,0.751470588,0.061569017,0.428571429,0.976708075,0,0.066666667,3073,3.073
org.eclipse.team.internal.ccvs.core.client,4,56,0.12,14,10,0.583333333,0.296666667,0.114754098,1,0.98447205,0,0.1,3179,3.179
org.eclipse.team.internal.ccvs.core.client.listeners,1,19,0.357142857,11,6,0.647058824,0.004201681,0.151515152,0.75,0.992236025,0,0.2,1152,1.152
org.eclipse.team.internal.ccvs.core.connection,4,10,0,14,11,0.56,0.44,0.108391608,0.75,0.982919255,0,0.090909091,1316,1.316
org.eclipse.team.internal.ccvs.core.resources,9,19,0.1875,14,14,0.5,0.3125,0.113636364,1,0.97826087,0,0.071428571,5072,5.072
org.eclipse.team.internal.ccvs.core.syncinfo,6,12,0,14,12,0.538461538,0.461538462,0.131313131,0.5,0.98136646,0,0.083333333,1646,1.646
org.eclipse.team.internal.ccvs.core.util,1,14,0,14,12,0.538461538,0.461538462,0.115254237,1,0.98136646,0,0.083333333,2175,2.175
org.eclipse.team.internal.ccvs.ssh,0,12,0.090909091,13,1,0.928571429,0.019480519,0.206349206,1,0.998447205,0,0,2558,2.558
org.eclipse.team.internal.ccvs.ssh2,0,11,0,20,0,0,1,0.087878788,0.555555556,1,0,1,1695,1.695
org.eclipse.team.internal.ccvs.ui,21,65,0.083333333,60,8,0.882352941,0.034313725,0.020315765,0.141414141,0.98757764,0,0.125,10253,10.253
org.eclipse.team.internal.ccvs.ui.actions,7,40,0.081081081,40,4,0.909090909,0.00982801,0.038251366,1,0.99378882,0.083333333,0.25,2730,2.73
org.eclipse.team.internal.ccvs.ui.console,2,3,0,17,1,0.944444444,0.055555556,0.098739496,1,0.998447205,0,1,364,0.364
org.eclipse.team.internal.ccvs.ui.merge,1,6,0,21,2,0.913043478,0.086956522,0.075738126,0.75,0.99689441,0,0.5,533,0.533
org.eclipse.team.internal.ccvs.ui.model,0,26,0.181818182,22,5,0.814814815,0.003367003,0.080711354,1,0.992236025,0,0.2,1375,1.375
org.eclipse.team.internal.ccvs.ui.operations,10,28,0.4,26,5,0.838709677,0.238709677,0.057971014,1,0.99378882,0,0.2,2936,2.936
org.eclipse.team.internal.ccvs.ui.repo,5,22,0.1,42,7,0.857142857,0.042857143,0.03307888,0.209876543,0.989130435,0,0.071428571,3403,3.403
org.eclipse.team.internal.ccvs.ui.subscriber,9,31,0.148148148,39,4,0.906976744,0.055124892,0.036764706,0.407407407,0.99378882,0.0625,0.25,2824,2.824
org.eclipse.team.internal.ccvs.ui.sync,0,1,0,4,1,0.8,0.2,0.625,1,0.998447205,0,1,20,0.02
org.eclipse.team.internal.ccvs.ui.wizards,9,27,0.08,42,5,0.893617021,0.026382979,0.030873494,0.75,0.992236025,0.2,0.2,4810,4.81
org.eclipse.team.internal.core,3,19,0.1875,11,13,0.458333333,0.354166667,0.165413534,0.466666667,0.97515528,0.03125,0.03125,1421,1.421
org.eclipse.team.internal.core.simpleAccess,0,1,0,3,0,0,1,1,1,1,0,1,16,0.016
org.eclipse.team.internal.core.streams,0,8,0.142857143,4,5,0.444444444,0.412698413,0.6,1,0.992236025,0,0.2,923,0.923
org.eclipse.team.internal.core.subscribers,3,17,0.133333333,10,4,0.714285714,0.152380952,0.163763066,0.5,0.992236025,0.1,0.2,1607,1.607
org.eclipse.team.internal.ui,5,11,0.375,36,11,0.765957447,0.140957447,0.045092838,0.555555556,0.979813665,0,0.076923077,1207,1.207
org.eclipse.team.internal.ui.actions,1,5,0.666666667,19,3,0.863636364,0.53030303,0.140909091,1,0.995341615,0,0.333333333,450,0.45
org.eclipse.team.internal.ui.dialogs,3,6,1,16,7,0.695652174,0.695652174,0.101871102,1,0.989130435,0.142857143,0.142857143,709,0.709
org.eclipse.team.internal.ui.preferences,1,5,0,20,1,0.952380952,0.047619048,0.076252723,1,0.998447205,0,1,755,0.755
org.eclipse.team.internal.ui.registry,1,5,0.25,8,2,0.8,0.05,0.242424242,1,0.995341615,0,0.333333333,271,0.271
org.eclipse.team.internal.ui.synchronize,11,45,0.363636364,45,5,0.9,0.263636364,0.029149316,0.191919192,0.992236025,0.142857143,0.142857143,5896,5.896
org.eclipse.team.internal.ui.synchronize.actions,6,18,0,36,2,0.947368421,0.052631579,0.037707391,0.444444444,0.99689441,0,0.5,1456,1.456
org.eclipse.team.internal.ui.wizards,2,11,0.1,26,1,0.962962963,0.062962963,0.055434783,0.666666667,0.998447205,0,1,1287,1.287
org.eclipse.team.ui,1,8,1.666666667,19,10,0.655172414,1.32183908,0.152941176,1,0.98136646,0.083333333,0.083333333,226,0.226
org.eclipse.team.ui.synchronize,6,24,3,36,9,0.8,2.8,0.05005005,0.666666667,0.99068323,0.111111111,0.166666667,1700,1.7
org.eclipse.text.edits,0,22,0.1,4,32,0.111111111,0.788888889,1,1,0.947204969,0,0.029411765,1800,1.8
org.eclipse.tomcat.internal,0,7,0,9,0,0,1,0.294117647,1,1,0,1,724,0.724
org.eclipse.ui,9,103,11.875,35,184,0.159817352,11.03481735,0.095864662,0.75,0.72515528,0.005649718,0.005649718,1879,1.879
org.eclipse.ui.about,0,1,0,1,3,0.25,0.75,1,1,1,0,1,5,0.005
org.eclipse.ui.actions,0,53,0.261904762,44,71,0.382608696,0.355486542,0.03228634,1,0.881987578,0.008373206,0.010526316,6643,6.643
org.eclipse.ui.activities,0,19,2.166666667,11,18,0.379310345,1.545977011,0.204545455,1,0.97826087,0,0.071428571,366,0.366
org.eclipse.ui.application,7,4,0,16,5,0.761904762,0.238095238,1,1,0.99378882,0.25,0.25,219,0.219
org.eclipse.ui.branding,0,2,0,1,3,0.25,0.75,1,1,1,0,1,19,0.019
org.eclipse.ui.carbon,0,1,0,7,0,0,1,0.253333333,1,1,0,1,120,0.12
org.eclipse.ui.cheatsheets,0,9,2,11,8,0.578947368,1.578947368,0.176470588,1,0.992236025,0,0.2,147,0.147
org.eclipse.ui.commands,0,25,1.272727273,9,19,0.321428571,0.594155844,0.285714286,1,0.98136646,0.041666667,0.083333333,617,0.617
org.eclipse.ui.console,0,9,2,13,6,0.684210526,1.684210526,0.1796875,1,0.995341615,0,0.333333333,298,0.298
org.eclipse.ui.console.actions,2,3,0,13,3,0.8125,0.1875,0.145,1,0.995341615,0,0.333333333,137,0.137
org.eclipse.ui.contentassist,0,2,0,11,4,0.733333333,0.266666667,0.173611111,1,0.99378882,0,0.25,168,0.168
org.eclipse.ui.contexts,0,10,1.5,5,9,0.357142857,0.857142857,0.555555556,1,0.992236025,0,0,223,0.223
org.eclipse.ui.dialogs,1,44,0.517241379,32,73,0.304761905,0.177996716,0.044995409,0.36,0.874223602,0.009602195,0.008818342,6434,6.434
org.eclipse.ui.editors.text,1,21,0.615384615,33,18,0.647058824,0.262443439,0.043618267,0.375,0.970496894,0,0.052631579,2644,2.644
org.eclipse.ui.editors.text.templates,3,3,0,10,2,0.833333333,0.166666667,0.2,1,0.99689441,0,0.5,263,0.263
org.eclipse.ui.externaltools.internal.launchConfigurations,0,6,0.2,24,4,0.857142857,0.057142857,0.078590786,1,0.99378882,0,0.25,906,0.906
org.eclipse.ui.externaltools.internal.menu,0,1,0,2,0,0,1,1,1,1,0,1,8,0.008
org.eclipse.ui.externaltools.internal.model,1,10,0.428571429,19,8,0.703703704,0.132275132,0.091614907,0.75,0.992236025,0,0.2,906,0.906
org.eclipse.ui.externaltools.internal.program.launchConfigurations,0,6,0,18,1,0.947368421,0.052631579,0.096525097,0.75,0.998447205,0,1,311,0.311
org.eclipse.ui.externaltools.internal.registry,0,1,0,7,1,0.875,0.125,0.266666667,1,0.998447205,0,1,261,0.261
org.eclipse.ui.externaltools.internal.ui,4,6,0,28,5,0.848484848,0.151515152,0.052314815,0.4375,0.992236025,0,0.2,1380,1.38
org.eclipse.ui.externaltools.internal.variables,0,3,0,7,0,0,1,0.307692308,1,1,0,1,63,0.063
org.eclipse.ui.forms,0,13,1.166666667,10,17,0.37037037,0.537037037,0.181818182,1,0.972049689,0.055555556,0.055555556,700,0.7
org.eclipse.ui.forms.editor,2,3,2,10,6,0.625,1.625,0.208791209,1,0.99068323,0,0.166666667,409,0.409
org.eclipse.ui.forms.events,0,6,0.5,3,6,0.333333333,0.166666667,1,1,0.99378882,0,0.25,61,0.061
org.eclipse.ui.forms.widgets,0,21,0.235294118,16,21,0.432432432,0.33227345,0.093117409,1,0.967391304,0,0.047619048,3177,3.177
org.eclipse.ui.help,0,5,0.666666667,12,98,0.109090909,0.224242424,0.145,1,0.805900621,0.008,0.008,463,0.463
org.eclipse.ui.ide,0,4,1,11,37,0.229166667,0.229166667,0.148148148,1,0.947204969,0,0.029411765,472,0.472
org.eclipse.ui.internal,3,202,0.188235294,59,37,0.614583333,0.197181373,0.021713729,0.118881119,0.940993789,0.004934211,0.019138756,27163,27.163
org.eclipse.ui.internal.about,60,8,0.142857143,17,1,0.944444444,0.087301587,0.132231405,1,0.998447205,0,1,493,0.493
org.eclipse.ui.internal.actions,2,5,0,16,1,0.941176471,0.058823529,0.103448276,1,0.998447205,0,1,203,0.203
org.eclipse.ui.internal.activities,0,21,0.235294118,8,1,0.888888889,0.124183007,0.284090909,1,0.998447205,0,0.5,2649,2.649
org.eclipse.ui.internal.activities.ws,0,10,0,14,3,0.823529412,0.176470588,0.111111111,0.666666667,0.995341615,0,0.333333333,825,0.825
org.eclipse.ui.internal.cheatsheets,0,4,0.333333333,14,6,0.7,0.033333333,0.19047619,1,0.99068323,0,0.166666667,486,0.486
org.eclipse.ui.internal.cheatsheets.actions,1,6,0,19,1,0.95,0.05,0.083591331,1,0.998447205,0,1,299,0.299
org.eclipse.ui.internal.cheatsheets.data,4,15,0.5,15,1,0.9375,0.4375,0.164772727,1,0.998447205,0,1,1347,1.347
org.eclipse.ui.internal.cheatsheets.dialogs,0,2,0,13,1,0.928571429,0.071428571,0.1225,1,0.998447205,0,1,321,0.321
org.eclipse.ui.internal.cheatsheets.registry,0,7,0.4,11,5,0.6875,0.0875,0.175824176,0.666666667,0.992236025,0,0.1,670,0.67
org.eclipse.ui.internal.cheatsheets.views,0,14,0.166666667,24,3,0.888888889,0.055555556,0.073762838,0.75,0.995341615,0,0.333333333,2047,2.047
org.eclipse.ui.internal.commands,0,26,0.3,21,1,0.954545455,0.254545455,0.0710466,1,0.998447205,0,1,5626,5.626
org.eclipse.ui.internal.commands.ws,0,9,0.125,25,3,0.892857143,0.017857143,0.062179487,0.555555556,0.995341615,0,0.333333333,1394,1.394
org.eclipse.ui.internal.console,0,14,0.166666667,22,2,0.916666667,0.083333333,0.063647491,0.5,0.99689441,0,0.5,1285,1.285
org.eclipse.ui.internal.contexts,5,13,0.625,7,1,0.875,0.5,0.307692308,1,0.998447205,0,0.5,834,0.834
org.eclipse.ui.internal.contexts.ws,6,2,1,13,3,0.8125,0.8125,0.132142857,1,0.995341615,0,0.333333333,446,0.446
org.eclipse.ui.internal.decorators,4,17,0.133333333,21,2,0.913043478,0.046376812,0.0859375,0.75,0.99689441,0,0.5,1706,1.706
org.eclipse.ui.internal.dialogs,20,69,0.112903226,44,12,0.785714286,0.101382488,0.031132398,0.153439153,0.98136646,0.013888889,0.055555556,9554,9.554
org.eclipse.ui.internal.dnd,1,7,1.333333333,6,3,0.666666667,1,0.318181818,1,0.995341615,0.333333333,0.333333333,277,0.277
org.eclipse.ui.internal.editors.quickdiff,0,2,0,12,0,0,1,0.153439153,1,1,0,1,226,0.226
org.eclipse.ui.internal.editors.text,0,24,0.2,34,3,0.918918919,0.118918919,0.045758929,0.4375,0.995341615,0,0.333333333,2110,2.11
org.eclipse.ui.internal.editorsupport,0,1,0,7,1,0.875,0.125,0.36,1,0.998447205,0,1,69,0.069
org.eclipse.ui.internal.editorsupport.win32,0,1,0,18,0,0,1,0.093023256,1,1,0,1,414,0.414
org.eclipse.ui.internal.forms,0,4,1,7,0,0,0,0.272727273,0.75,1,0,1,112,0.112
org.eclipse.ui.internal.forms.widgets,0,12,0.090909091,13,1,0.928571429,0.019480519,0.201388889,1,0.998447205,0,1,1633,1.633
org.eclipse.ui.internal.gestures,0,5,0.25,6,0,0,0.75,0.333333333,1,1,0,1,278,0.278
org.eclipse.ui.internal.ide,12,28,0.12,50,17,0.746268657,0.133731343,0.029263102,0.234375,0.97515528,0,0.0625,4092,4.092
org.eclipse.ui.internal.ide.actions,2,9,0.125,22,1,0.956521739,0.081521739,0.078389831,0.666666667,0.998447205,0,1,718,0.718
org.eclipse.ui.internal.ide.dialogs,6,54,0.08,47,7,0.87037037,0.04962963,0.035127393,0.171052632,0.989130435,0,0.095238095,8033,8.033
org.eclipse.ui.internal.ide.misc,1,8,0,20,3,0.869565217,0.130434783,0.073083779,0.75,0.995341615,0,0.333333333,1317,1.317
org.eclipse.ui.internal.ide.model,0,15,0.071428571,20,1,0.952380952,0.023809524,0.10326087,1,0.998447205,0,1,808,0.808
org.eclipse.ui.internal.ide.registry,1,11,0.1,10,6,0.625,0.275,0.192708333,1,0.99068323,0.166666667,0.166666667,847,0.847
org.eclipse.ui.internal.ide.update,0,2,0,6,0,0,1,0.259259259,1,1,0,1,62,0.062
org.eclipse.ui.internal.intro,0,7,0.75,9,2,0.818181818,0.568181818,0.230769231,1,0.998447205,0,1,208,0.208
org.eclipse.ui.internal.intro.impl,0,2,1,10,7,0.588235294,0.588235294,0.270833333,1,0.989130435,0,0.142857143,93,0.093
org.eclipse.ui.internal.intro.impl.html,0,5,0.25,9,1,0.9,0.15,0.238095238,1,0.998447205,0,1,762,0.762
org.eclipse.ui.internal.intro.impl.model,0,25,0.388888889,22,9,0.709677419,0.098566308,0.079738562,1,0.986024845,0.015873016,0.111111111,2191,2.191
org.eclipse.ui.internal.intro.impl.model.loader,0,5,0,10,4,0.714285714,0.285714286,0.307692308,1,0.99378882,0,0.25,396,0.396
org.eclipse.ui.internal.intro.impl.model.viewer,0,2,0,5,0,0,1,0.296875,1,1,0,1,123,0.123
org.eclipse.ui.internal.intro.impl.parts,0,3,0,22,2,0.916666667,0.083333333,0.073045267,1,0.99689441,0,0.5,500,0.5
org.eclipse.ui.internal.intro.impl.presentations,0,4,0,22,1,0.956521739,0.043478261,0.066964286,1,0.998447205,0,1,631,0.631
org.eclipse.ui.internal.intro.impl.swt,0,7,0,16,2,0.888888889,0.111111111,0.102040816,1,0.99689441,0,0.5,1065,1.065
org.eclipse.ui.internal.intro.impl.util,0,6,0,16,9,0.64,0.36,0.10326087,1,0.986024845,0,0.111111111,700,0.7
org.eclipse.ui.internal.keys,3,18,0.125,25,3,0.892857143,0.017857143,0.059288538,1,0.995341615,0.166666667,0.166666667,1544,1.544
org.eclipse.ui.internal.layout,0,12,0.090909091,7,4,0.636363636,0.272727273,0.234782609,1,0.99378882,0,0.25,1423,1.423
org.eclipse.ui.internal.misc,4,19,0.055555556,18,14,0.5625,0.381944444,0.094017094,0.666666667,0.97826087,0,0.071428571,1201,1.201
org.eclipse.ui.internal.presentations,5,35,0.09375,27,3,0.9,0.00625,0.054375531,0.571428571,0.995341615,0,0.333333333,4188,4.188
org.eclipse.ui.internal.presentations.r21,0,3,0.5,9,1,0.9,0.4,0.333333333,1,0.998447205,0,1,239,0.239
org.eclipse.ui.internal.presentations.r21.widgets,0,7,0.4,10,1,0.909090909,0.309090909,0.153225806,0.666666667,0.998447205,0,1,2415,2.415
org.eclipse.ui.internal.progress,8,37,0.233333333,33,7,0.825,0.058333333,0.045531674,0.34375,0.989130435,0.047619048,0.095238095,5589,5.589
org.eclipse.ui.internal.registry,9,33,0.269230769,20,10,0.666666667,0.064102564,0.0710466,1,0.98447205,0.05,0.1,3299,3.299
org.eclipse.ui.internal.testing,0,1,0,6,1,0.857142857,0.142857143,0.4,1,0.998447205,0,1,48,0.048
org.eclipse.ui.internal.texteditor,0,12,0,21,4,0.84,0.16,0.06,0.4375,0.99068323,0,0.166666667,1355,1.355
org.eclipse.ui.internal.texteditor.quickdiff,1,10,0.111111111,15,3,0.833333333,0.055555556,0.135802469,0.75,0.995341615,0,0.333333333,1408,1.408
org.eclipse.ui.internal.texteditor.quickdiff.compare.rangedifferencer,0,8,0.333333333,6,1,0.857142857,0.19047619,0.333333333,1,0.998447205,0,1,686,0.686
org.eclipse.ui.internal.themes,2,23,0.352941176,21,3,0.875,0.227941176,0.071895425,0.5,0.99689441,0,0.5,2781,2.781
org.eclipse.ui.internal.util,0,8,0,17,27,0.386363636,0.613636364,0.107692308,1,0.958074534,0,0.037037037,697,0.697
org.eclipse.ui.internal.views,0,1,0,2,0,0,1,1,1,1,0,1,13,0.013
org.eclipse.ui.intro,0,3,0,5,13,0.277777778,0.722222222,1,1,1,0,1,41,0.041
org.eclipse.ui.intro.config,0,5,1.5,15,5,0.75,1.25,0.124579125,1,0.99378882,0,0.25,229,0.229
org.eclipse.ui.keys,0,11,0.375,7,12,0.368421053,0.256578947,0.3,1,0.98136646,0,0.083333333,903,0.903
org.eclipse.ui.model,2,10,0.428571429,13,51,0.203125,0.368303571,0.125,1,0.933229814,0.023255814,0.023255814,501,0.501
org.eclipse.ui.part,7,42,0.826086957,26,78,0.25,0.076086957,0.07079646,0.4375,0.864906832,0.008045977,0.010057471,2800,2.8
org.eclipse.ui.plugin,1,1,0,12,121,0.090225564,0.909774436,1,1,0.754658385,0.006329114,0.006329114,332,0.332
org.eclipse.ui.presentations,2,9,2,10,4,0.714285714,1.714285714,0.230769231,1,0.995341615,0,0.333333333,248,0.248
org.eclipse.ui.progress,3,8,7,13,41,0.240740741,6.240740741,0.214285714,1,0.98757764,0.125,0.125,327,0.327
org.eclipse.ui.testing,0,2,1,2,3,0.4,0.4,1,1,0.995341615,0,0.333333333,23,0.023
org.eclipse.ui.texteditor,8,94,0.516129032,43,58,0.425742574,0.058128393,0.033968517,0.25,0.931677019,0.017045455,0.022727273,12489,12.489
org.eclipse.ui.texteditor.link,0,1,0,2,3,0.4,0.6,0.625,1,0.995341615,0,0.333333333,41,0.041
org.eclipse.ui.texteditor.quickdiff,0,4,0.333333333,12,4,0.75,0.083333333,0.147368421,1,0.99689441,0,0.5,265,0.265
org.eclipse.ui.texteditor.templates,0,9,0.285714286,25,2,0.925925926,0.211640212,0.073045267,1,0.99689441,0.25,0.5,1338,1.338
org.eclipse.ui.themes,0,5,4,8,6,0.571428571,3.571428571,0.466666667,1,1,0,1,75,0.075
org.eclipse.ui.views.bookmarkexplorer,0,15,0.153846154,25,0,0,0.846153846,0.057437408,0.5,1,0,1,1523,1.523
org.eclipse.ui.views.contentoutline,0,3,2,10,10,0.5,1.5,0.247058824,1,0.992236025,0.2,0.2,173,0.173
org.eclipse.ui.views.framelist,0,12,0.333333333,13,2,0.866666667,0.2,0.204545455,1,0.99689441,0,0.5,565,0.565
org.eclipse.ui.views.markers,0,1,0,6,0,0,1,0.314285714,1,1,0,1,39,0.039
org.eclipse.ui.views.markers.internal,6,68,0.172413793,33,2,0.942857143,0.115270936,0.045637199,0.4,0.99689441,0,0.5,7004,7.004
org.eclipse.ui.views.navigator,3,32,0.142857143,27,19,0.586956522,0.270186335,0.051274945,0.236111111,0.964285714,0,0.02173913,3100,3.1
org.eclipse.ui.views.properties,0,29,0.611111111,23,11,0.676470588,0.287581699,0.067361111,0.625,0.986024845,0,0.111111111,2039,2.039
org.eclipse.ui.views.tasklist,0,26,0.181818182,31,4,0.885714286,0.067532468,0.0464,0.5,0.99689441,0,0.5,4047,4.047
org.eclipse.ui.wizards.datatransfer,1,29,0.074074074,30,5,0.857142857,0.068783069,0.056818182,0.416666667,0.99068323,0,0.166666667,4102,4.102
org.eclipse.ui.wizards.newresource,1,5,0.25,26,8,0.764705882,0.014705882,0.067911715,1,0.98757764,0,0.125,563,0.563
org.eclipse.update.configuration,0,13,12,7,13,0.35,11.35,0.666666667,1,0.998447205,0,1,256,0.256
org.eclipse.update.configurator,0,4,3,5,10,0.333333333,2.333333333,0.666666667,1,0.986024845,0,0.111111111,101,0.101
org.eclipse.update.core,4,51,1.428571429,12,27,0.307692308,0.736263736,0.22,1,0.962732919,0.033333333,0.041666667,3012,3.012
org.eclipse.update.core.model,0,19,0.117647059,13,13,0.5,0.382352941,0.24,0.75,0.979813665,0.038461538,0.076923077,2750,2.75
org.eclipse.update.internal.configurator,1,19,0.055555556,29,5,0.852941176,0.091503268,0.108108108,1,0.992236025,0,0.2,3093,3.093
org.eclipse.update.internal.configurator.branding,0,4,1,8,1,0.888888889,0.888888889,0.416666667,1,0.998447205,0,1,349,0.349
org.eclipse.update.internal.core,12,60,0.132075472,21,20,0.512195122,0.355729406,0.080106809,0.25,0.968944099,0,0.025,7519,7.519
org.eclipse.update.internal.mirror,0,3,0,11,1,0.916666667,0.083333333,0.188034188,0.666666667,0.998447205,0,1,952,0.952
org.eclipse.update.internal.model,0,9,0,17,4,0.80952381,0.19047619,0.135135135,1,0.99378882,0,0.25,857,0.857
org.eclipse.update.internal.operations,2,18,0.125,16,10,0.615384615,0.259615385,0.105812221,1,0.98447205,0,0.1,2420,2.42
org.eclipse.update.internal.scheduler,1,3,0,20,1,0.952380952,0.047619048,0.093333333,0.75,0.998447205,0,1,436,0.436
org.eclipse.update.internal.scheduler.preferences,0,1,0,9,0,0,1,0.196428571,1,1,0,1,180,0.18
org.eclipse.update.internal.search,2,7,0.166666667,14,6,0.7,0.133333333,0.164835165,1,0.99068323,0,0.166666667,800,0.8
org.eclipse.update.internal.security,0,5,0,12,1,0.923076923,0.076923077,0.393939394,1,0.998447205,0,1,623,0.623
org.eclipse.update.internal.ui,2,6,0,30,8,0.789473684,0.210526316,0.060259344,0.36,0.98757764,0,0.125,565,0.565
org.eclipse.update.internal.ui.model,3,19,0.461538462,17,4,0.80952381,0.271062271,0.135135135,1,0.99378882,0,0.25,1428,1.428
org.eclipse.update.internal.ui.parts,1,7,0.166666667,12,5,0.705882353,0.12745098,0.134615385,0.75,0.992236025,0,0.2,341,0.341
org.eclipse.update.internal.ui.preferences,2,2,0,15,0,0,1,0.123188406,1,1,0,1,345,0.345
org.eclipse.update.internal.ui.properties,1,6,0,19,0,0,1,0.087837838,1,1,0,1,418,0.418
org.eclipse.update.internal.ui.security,1,6,0,17,2,0.894736842,0.105263158,0.105769231,0.666666667,0.99689441,0,0.5,506,0.506
org.eclipse.update.internal.ui.servlets,0,2,0,16,0,0,1,0.134259259,0,1,0,1,278,0.278
org.eclipse.update.internal.ui.views,9,13,0.083333333,37,1,0.973684211,0.057017544,0.040303738,1,0.998447205,0,1,1848,1.848
org.eclipse.update.internal.ui.wizards,9,26,0.130434783,37,6,0.860465116,0.009100101,0.040601504,0.357142857,0.99068323,0.166666667,0.166666667,3849,3.849
org.eclipse.update.operations,1,15,14,8,9,0.470588235,13.47058824,0.466666667,1,0.989130435,0,0.142857143,209,0.209
org.eclipse.update.search,1,13,1.166666667,8,7,0.533333333,0.7,0.244444444,1,0.99068323,0,0.166666667,383,0.383
org.eclipse.update.standalone,2,12,0.090909091,14,1,0.933333333,0.024242424,0.132275132,1,0.998447205,1,1,1058,1.058
org.eclipse.update.ui,0,1,0,6,0,0,1,0.259259259,1,1,0,1,19,0.019
org.osgi.framework,0,25,1.272727273,5,106,0.045045045,0.317772318,1,1,0.959627329,0,0.038461538,933,0.933
org.osgi.service.packageadmin,0,3,0,2,4,0.333333333,0.666666667,1,1,1,0,1,31,0.031
org.osgi.service.permissionadmin,0,2,1,1,1,0.5,0.5,1,1,0.998447205,0,1,244,0.244
org.osgi.service.prefs,0,3,2,1,12,0.076923077,1.076923077,1,1,0.986024845,0,0.111111111,43,0.043
org.osgi.service.startlevel,0,1,0,1,4,0.2,0.8,1,1,1,0,1,12,0.012
org.osgi.service.url,0,4,0,3,4,0.428571429,0.571428571,1,1,0.998447205,1,1,100,0.1
org.osgi.util.tracker,0,2,1,4,7,0.363636364,0.363636364,1,1,0.986024845,0,0.111111111,505,0.505
